symbol,Date,close,high,low,open,volume
DATA,2013-05-17,50.75,52.15,44,47,8408700
DATA,2013-05-20,53.45,59.6,50.7,51.4,2711400
DATA,2013-05-21,53.25,59,52.5,55.11,727200
DATA,2013-05-22,50.26,55.12,47.45,55.11,634900
DATA,2013-05-23,52.92,54.5,48.45,48.45,679300
DATA,2013-05-24,52.49,53.48,52.0601,53.1,173800
DATA,2013-05-28,50.67,53.908,50,53.45,351600
DATA,2013-05-29,50.3,50.65,49.09,50.65,269400
DATA,2013-05-30,51.11,51.5,50,50.57,143800
DATA,2013-05-31,51.1,51.99,50.42,50.74,180500
DATA,2013-06-03,50.34,51.49,50.01,51.49,110400
DATA,2013-06-04,48.53,50.74,48.31,50.74,255100
DATA,2013-06-05,49.61,49.98,48.27,48.5,212000
DATA,2013-06-06,53.02,53.49,49.38,49.87,367500
DATA,2013-06-07,56.21,56.54,52.19,53,464100
DATA,2013-06-10,58.11,58.2,55.78,56.68,375200
DATA,2013-06-11,53.05,57.24,52.1,56.97,348800
DATA,2013-06-12,55.81,56.14,53.9,54.55,328000
DATA,2013-06-13,56.97,58.589,54.35,56.24,384000
DATA,2013-06-14,55.47,57.75,55,57.36,348200
DATA,2013-06-17,54.88,56.7,54.31,55.75,169000
DATA,2013-06-18,54.41,54.96,52.59,54.81,283500
DATA,2013-06-19,53.91,54.88,52.75,54,173700
DATA,2013-06-20,55.4,55.972,53.05,54.27,203200
DATA,2013-06-21,55.27,57.21,54.84,55.38,247600
DATA,2013-06-24,54.93,55.74,52.6,55.41,190900
DATA,2013-06-25,54.42,55.3,53.211,55.3,104600
DATA,2013-06-26,56.68,57.98,53.755,54.77,225500
DATA,2013-06-27,56.41,59.88,55.36,56.73,249900
DATA,2013-06-28,55.42,56.54,54.56,56,486700
DATA,2013-07-01,58.8,59,55.75,57.36,129100
DATA,2013-07-02,58.25,59.83,57.092,58.89,95600
DATA,2013-07-03,60.1,61.45,57.86,58.201,132000
DATA,2013-07-05,62.86,62.97,60.75,61.31,265200
DATA,2013-07-08,60.99,63,60.5,63,107700
DATA,2013-07-09,57.14,61.64,57,60.73,345500
DATA,2013-07-10,56.6,58.52,56.511,57.25,179500
DATA,2013-07-11,55.76,57.6455,55.34,57,202300
DATA,2013-07-12,53.5,55.9999,53.47,55.75,284300
DATA,2013-07-15,53.82,54.8161,53.2,53.87,239000
DATA,2013-07-16,55.18,56.8,53.88,54.07,176300
DATA,2013-07-17,56.67,56.874,55.115,55.15,151900
DATA,2013-07-18,55.22,57.25,55.05,57,80700
DATA,2013-07-19,53.81,55.68,53.77,55.68,115200
DATA,2013-07-22,53.01,54.31,52.61,54.11,153200
DATA,2013-07-23,52.07,53.84,51.9901,53.5,122100
DATA,2013-07-24,53.59,53.77,52.358,52.39,204100
DATA,2013-07-25,54.5,55.42,53.71,54.48,174000
DATA,2013-07-26,53.75,54.93,53.4201,54.93,43000
DATA,2013-07-29,53.48,54.62,53.4,54.62,10000
DATA,2013-07-30,53.81,54.2387,53.5,53.56,116300
DATA,2013-07-31,55.4,55.75,54,54,211100
DATA,2013-08-01,57.62,57.93,55.94,56.66,168100
DATA,2013-08-02,59.85,59.97,57.088,57.92,178000
DATA,2013-08-05,60.12,60.46,58.19,59.85,119800
DATA,2013-08-06,59.54,61.65,59.18,60.29,122500
DATA,2013-08-07,59.6,60.7,58.4501,59.56,108800
DATA,2013-08-08,60.94,61.65,59.5,60.88,339300
DATA,2013-08-09,67.82,74.25,66.63,72.26,1193100
DATA,2013-08-12,72.7,73.65,67.8599,68.23,505500
DATA,2013-08-13,71.1,74.97,68.57,73.26,450600
DATA,2013-08-14,66.99,71.89,65.91,70.88,381400
DATA,2013-08-15,65.17,66.78,64.28,65.77,273100
DATA,2013-08-16,66.57,68.59,65.0101,65.59,330200
DATA,2013-08-19,64.98,67.68,64.52,66.73,154300
DATA,2013-08-20,63.83,65.75,63.27,65,213100
DATA,2013-08-21,63.35,64.74,63,64,99900
DATA,2013-08-22,64,64.319,63.61,63.75,123200
DATA,2013-08-23,67.67,68.499,63.1401,64.2,305400
DATA,2013-08-26,68.37,69.89,66.45,67.88,297400
DATA,2013-08-27,66.28,67.5,65.8,67.41,219000
DATA,2013-08-28,68.07,68.49,66.04,66.15,242000
DATA,2013-08-29,70.04,70.78,67.69,68.25,246400
DATA,2013-08-30,72.31,74.328,69.249,70,623200
DATA,2013-09-03,71.42,73.8701,70.53,72.99,214000
DATA,2013-09-04,74.2,75.22,71.02,71.85,292900
DATA,2013-09-05,72.97,77.74,72.67,74.6,517100
DATA,2013-09-06,70.69,73.93,70.53,73.84,397300
DATA,2013-09-09,72.47,73.68,70.91,71.38,196800
DATA,2013-09-10,74.75,75.06,71.75,73.26,353500
DATA,2013-09-11,71.99,75.335,71.91,74.78,287600
DATA,2013-09-12,73.11,73.55,70.5,72.59,259100
DATA,2013-09-13,72.7,75,72.43,73.67,324800
DATA,2013-09-16,71.96,74.7,71.7,73.67,223900
DATA,2013-09-17,72.1,72.52,70.65,72.24,202800
DATA,2013-09-18,72.82,73.29,71.44,73,164600
DATA,2013-09-19,74.06,74.5,73.23,73.28,234400
DATA,2013-09-20,73.04,75.9,73.04,74.5,587500
DATA,2013-09-23,72.81,73.04,68.3,73.04,549600
DATA,2013-09-24,71.89,73.63,70.71,72.36,117200
DATA,2013-09-25,71.86,72.6786,70.64,71.8,101600
DATA,2013-09-26,72.52,72.92,71.15,72.42,107000
DATA,2013-09-27,69.23,72.38,68.75,72.38,297500
DATA,2013-09-30,71.24,71.9,67.0904,67.59,246800
DATA,2013-10-01,71.44,72.5,70.2,71,116700
DATA,2013-10-02,73.08,73.2999,70.565,71,150700
DATA,2013-10-03,71.1,73.45,70.89,73,146200
DATA,2013-10-04,70.41,71.35,70,71.35,153900
DATA,2013-10-07,70.28,72,69.18,69.7,145000
DATA,2013-10-08,67.56,71.27,67.0601,70.43,356800
DATA,2013-10-09,66.34,68.16,66.0047,67.91,217000
DATA,2013-10-10,66.32,68.9953,66.15,67.53,339300
DATA,2013-10-11,66.5,67.67,64.76,66.73,289000
DATA,2013-10-14,66.69,66.86,64.74,66,215100
DATA,2013-10-15,64.74,66.86,64.11,66.86,273200
DATA,2013-10-16,67.83,68,64.29,64.87,336300
DATA,2013-10-17,68.42,68.51,65.5,67.45,209000
DATA,2013-10-18,67.81,69.165,67.65,69.04,158600
DATA,2013-10-21,65.98,68.22,65.51,68.22,162600
DATA,2013-10-22,63.41,66.3,62.6324,66.14,433200
DATA,2013-10-23,60.93,62.95,59.5,62.95,570900
DATA,2013-10-24,64.21,65.37,60.75,61,397300
DATA,2013-10-25,63.66,63.99,62.4,63.99,337600
DATA,2013-10-28,63.21,64,60.51,64,663800
DATA,2013-10-29,65.45,70,63.1,69.45,1155400
DATA,2013-10-30,64.16,66.59,63.25,65.31,468000
DATA,2013-10-31,61.46,64,60.95,62.45,2709400
DATA,2013-11-01,59.52,61.75,59.015,61.25,1295000
DATA,2013-11-04,60,60.42,58.96,59.25,1128400
DATA,2013-11-05,64,64.44,60.85,61,2189300
DATA,2013-11-06,65.13,65.49,63.5,63.92,1953200
DATA,2013-11-07,64,66.39,63.19,65.73,5220900
DATA,2013-11-08,64.45,65.1,63.52,64.7,1336800
DATA,2013-11-11,64.2,64.7,63.3,64.28,793300
DATA,2013-11-12,63.8,64.3,62.77,64.21,697700
DATA,2013-11-13,65.23,65.94,63.65,64.06,1161500
DATA,2013-11-14,65.57,65.99,63.59,65.15,1519600
DATA,2013-11-15,65.29,66.5,65.21,65.39,1144400
DATA,2013-11-18,61.73,65.68,61.4,65.11,1392900
DATA,2013-11-19,60.71,62.36,60.05,61.99,989500
DATA,2013-11-20,60.78,61.9,60.52,60.88,349400
DATA,2013-11-21,62.02,62.14,61.01,61.24,362900
DATA,2013-11-22,63.63,63.81,62,62.59,619800
DATA,2013-11-25,62.52,64.211,61.9347,63.5,363100
DATA,2013-11-26,64.48,64.52,61.7,62.18,866800
DATA,2013-11-27,65.89,66.5,62.91,62.91,735900
DATA,2013-11-29,65.54,66.49,65,65.8,333100
DATA,2013-12-02,64.24,65.87,63.62,64.63,528500
DATA,2013-12-03,65.61,66.17,63.67,63.91,451800
DATA,2013-12-04,66.52,67.345,64.74,65.15,691200
DATA,2013-12-05,66.64,66.9,66.03,66.07,292300
DATA,2013-12-06,66.29,66.9,65.46,66.78,663200
DATA,2013-12-09,65.71,66.9,65.2,66.24,518500
DATA,2013-12-10,66.25,66.8228,65.69,65.69,206100
DATA,2013-12-11,65.44,66.27,64.46,66.27,269700
DATA,2013-12-12,65.58,65.72,64.65,65.32,269600
DATA,2013-12-13,65.29,66.3,64.6,65.53,307800
DATA,2013-12-16,64.71,65.7,64.41,64.66,326400
DATA,2013-12-17,65.52,66.64,64.465,64.81,453000
DATA,2013-12-18,65.3,65.946,62.85,65.21,495700
DATA,2013-12-19,65.14,66,65.01,66,432700
DATA,2013-12-20,66.1,67,64.42,65.73,867500
DATA,2013-12-23,67.93,68.22,65.8,66.1,474200
DATA,2013-12-24,68.61,68.72,67.261,67.85,80800
DATA,2013-12-26,67.7,68.93,67.15,68.66,191600
DATA,2013-12-27,67.6,68.1,66.63,67.91,209300
DATA,2013-12-30,67.65,68.18,67.01,67.72,254100
DATA,2013-12-31,68.93,68.96,66.88,67.22,318100
DATA,2014-01-02,68.44,69.8,67.615,68.67,502900
DATA,2014-01-03,68.61,69.149,66.19,68.86,315600
DATA,2014-01-06,68.54,69.59,68.26,68.96,319400
DATA,2014-01-07,71.15,71.78,68.65,68.65,695900
DATA,2014-01-08,70.76,71.4,69.04,70.67,389100
DATA,2014-01-09,68.6,71.47,68.18,71.28,286800
DATA,2014-01-10,70.72,71.15,68.16,69.12,328000
DATA,2014-01-13,68.38,70.87,68.04,70.87,299500
DATA,2014-01-14,69.32,70.25,68.128,68.94,211800
DATA,2014-01-15,71.18,71.42,69.66,69.75,440600
DATA,2014-01-16,73.57,74.45,71.12,71.15,768000
DATA,2014-01-17,72.57,73.84,72.05,73.53,368000
DATA,2014-01-21,75.34,75.69,71.91,73.93,811900
DATA,2014-01-22,77.58,78.34,75.29,75.59,687100
DATA,2014-01-23,78.53,79.89,76.2747,78,780000
DATA,2014-01-24,74.93,78.75,74.1,77.84,721600
DATA,2014-01-27,73.5,75.44,72.4047,75.01,474600
DATA,2014-01-28,75.6,76.75,73.52,74,556500
DATA,2014-01-29,75.27,77.98,74.34,77,634000
DATA,2014-01-30,79.82,80.13,75.85,76.57,685500
DATA,2014-01-31,80.82,82.33,77.85,78.56,722300
DATA,2014-02-03,78.95,81.97,76.29,80.97,955100
DATA,2014-02-04,79.43,80.3999,76.29,79.25,1800000
DATA,2014-02-05,89.61,95.75,89,91.78,4398100
DATA,2014-02-06,88.59,90.38,87.1,88.85,1390300
DATA,2014-02-07,89.97,90,86.9,88.05,1911300
DATA,2014-02-10,89.49,91,87.49,90,1095800
DATA,2014-02-11,94.59,95,88.8142,89.74,1349200
DATA,2014-02-12,92.46,96.9,91.42,94.96,1143300
DATA,2014-02-13,97.57,97.99,92.6,93.44,1688200
DATA,2014-02-14,97.93,98.6082,95.77,96.77,725600
DATA,2014-02-18,96.59,98.3953,96.3,98.14,545900
DATA,2014-02-19,94.38,96.8999,93.1,96.18,785800
DATA,2014-02-20,97.13,97.43,94.3859,94.7,813800
DATA,2014-02-21,100.05,100.73,97.46,98,1444500
DATA,2014-02-24,98.73,100.4,98.19,99.95,962400
DATA,2014-02-25,100.28,101.71,98.44,99,734700
DATA,2014-02-26,98.26,102.37,97.08,101.86,941200
DATA,2014-02-27,97,97.53,94,96.5,2343700
DATA,2014-02-28,94.34,99.4,90.97,97,1840800
DATA,2014-03-03,95.57,96.78,92.21,93.23,1110000
DATA,2014-03-04,97.24,97.96,96.26,97.96,1057200
DATA,2014-03-05,94.35,95.8,93.1,95.5,1169500
DATA,2014-03-06,94.33,96.632,93.78,94.44,942400
DATA,2014-03-07,90.84,95.5,90.11,94.58,1387600
DATA,2014-03-10,90.88,93.6899,89.46,90.14,1002000
DATA,2014-03-11,91.05,93.08,90.02,91.05,1017000
DATA,2014-03-12,90.65,91.85,88.23,90.01,1304500
DATA,2014-03-13,89.15,93.6,88.48,90.57,1074900
DATA,2014-03-14,90.31,91.23,88.52,88.73,1014900
DATA,2014-03-17,90.46,92,86.7,91.23,1159100
DATA,2014-03-18,92.04,92.97,89.36,91.62,997200
DATA,2014-03-19,89.22,92.39,87.821,92.15,1090300
DATA,2014-03-20,90.02,91.43,88.13,88.45,1642100
DATA,2014-03-21,83.29,90.684,83.29,89.25,5519200
DATA,2014-03-24,79.42,84.14,77.11,84.14,3999300
DATA,2014-03-25,74.88,80.44,74.25,79.47,3436400
DATA,2014-03-26,74.24,76.25,72.2,75.52,2209900
DATA,2014-03-27,73.86,76.41,72.0531,74.18,2159500
DATA,2014-03-28,76.2,76.2,73.45,74.25,2760200
DATA,2014-03-31,76.08,78,75.52,76.21,1537000
DATA,2014-04-01,81.18,81.28,76.99,78.35,2757400
DATA,2014-04-02,77.74,82.1,77.4,81.45,1601900
DATA,2014-04-03,71.81,77.99,70.97,77.76,2227500
DATA,2014-04-04,71.12,73.98,69.05,72.9,2969300
DATA,2014-04-07,69.52,71.65,66.17,70.1,2390300
DATA,2014-04-08,68.47,71.53,68.2,69.72,1434500
DATA,2014-04-09,72.87,73.72,69.1701,69.21,1735200
DATA,2014-04-10,65.52,72.27,63.9,71.93,2693800
DATA,2014-04-11,63.17,66.05,63,63.78,1676800
DATA,2014-04-14,64.38,67.14,63.36,63.89,1165600
DATA,2014-04-15,63.48,65.91,61.72,64.49,1732100
DATA,2014-04-16,64.01,65.15,61.88,64.4,1682700
DATA,2014-04-17,64.68,65.68,62.53,64,1164100
DATA,2014-04-21,63.61,65.26,62.82,65.07,737200
DATA,2014-04-22,67,68.63,63.5301,63.85,2190800
DATA,2014-04-23,63.33,67.1,63.1,67.1,1257800
DATA,2014-04-24,59.94,63.9654,56.97,63.59,2800700
DATA,2014-04-25,56.23,60.34,55.88,59.09,2033800
DATA,2014-04-28,55.75,57.82,53.7,56.36,2150900
DATA,2014-04-29,56.65,57.45,53.6401,56.02,3088600
DATA,2014-04-30,55.27,56.34,54.6,56.34,1441200
DATA,2014-05-01,58.32,59.58,55.32,55.71,3025700
DATA,2014-05-02,58.46,59.21,56.37,58.57,2487400
DATA,2014-05-05,57.99,59.08,57.05,57.7,3870800
DATA,2014-05-06,58.02,62.95,56.6,61.98,8200700
DATA,2014-05-07,56.36,59,52.82,58.73,4382900
DATA,2014-05-08,55.21,57.98,53.14,55.44,3186000
DATA,2014-05-09,55,56.189,53.14,54.93,2479300
DATA,2014-05-12,57.85,58.09,54.27,55,2257500
DATA,2014-05-13,54.13,58.1,53.88,57.7,3262900
DATA,2014-05-14,54.78,57,53.4,53.6,2307700
DATA,2014-05-15,54.39,55.11,52.02,54.75,2524200
DATA,2014-05-16,54.61,54.87,52.75,54.61,1520100
DATA,2014-05-19,57.66,58.19,54.03,54.34,2763300
DATA,2014-05-20,57.11,59.58,55.58,57.64,2504200
DATA,2014-05-21,57.88,57.96,54.36,57.39,3186000
DATA,2014-05-22,58.63,59.68,56.8,57.99,1861000
DATA,2014-05-23,60.6,60.77,56.94,58.69,1573500
DATA,2014-05-27,62.85,64.38,61.08,61.29,2679500
DATA,2014-05-28,62.02,64,61.11,63.99,2157600
DATA,2014-05-29,61.5,62.695,60.68,62.46,1194700
DATA,2014-05-30,58.04,61.18,57.16,60.85,2068700
DATA,2014-06-02,58.09,58.46,56.355,57.74,1786200
DATA,2014-06-03,56.17,58.03,55.8,57.89,1496400
DATA,2014-06-04,56.96,58.26,55.43,55.54,1570700
DATA,2014-06-05,59.78,59.98,56.06,56.88,1614700
DATA,2014-06-06,61.71,62.1,59.55,60,1556700
DATA,2014-06-09,61.9,62.48,60.12,61.32,1199000
DATA,2014-06-10,61.36,63.07,60.85,61.65,644400
DATA,2014-06-11,63.96,64.83,61.301,61.4,2132600
DATA,2014-06-12,63.42,65.259,62.8,63.27,1026900
DATA,2014-06-13,64.14,64.48,62.61,63.79,819800
DATA,2014-06-16,66.23,66.44,63.7601,64.05,1318600
DATA,2014-06-17,65.58,66.9,65.14,66.46,975400
DATA,2014-06-18,67.69,68.14,64.6,66,1025900
DATA,2014-06-19,67.53,69.207,66.64,68.2,1127200
DATA,2014-06-20,67,67.77,65.63,67.74,1456000
DATA,2014-06-23,69.31,69.42,66.68,67.29,1940900
DATA,2014-06-24,69.89,70.96,68.35,68.59,1518700
DATA,2014-06-25,70.21,70.68,68.86,69.33,1018200
DATA,2014-06-26,70.64,71.63,69.43,70.05,951200
DATA,2014-06-27,70,71.029,69.11,70.33,2662000
DATA,2014-06-30,71.33,71.68,69.865,70.23,1076600
DATA,2014-07-01,72.14,73.87,71.2,71.73,1593000
DATA,2014-07-02,71.89,72.96,71.31,72.19,633600
DATA,2014-07-03,69.14,71.98,68.7,71.68,1005200
DATA,2014-07-07,67.24,69.69,66.91,68.67,1243700
DATA,2014-07-08,60.42,67,60.23,66.91,3181900
DATA,2014-07-09,61.43,62.39,59.74,60.91,1710800
DATA,2014-07-10,60.96,61.76,58.28,58.85,1315400
DATA,2014-07-11,61.02,61.91,60.75,60.89,577900
DATA,2014-07-14,63.79,64.57,61.6,61.67,1245300
DATA,2014-07-15,61.05,64.2274,60.7,63.85,1262100
DATA,2014-07-16,61,62.09,60.5,61.6,682000
DATA,2014-07-17,59.68,61.35,59.34,60.5,1215800
DATA,2014-07-18,59.69,61.3,59.55,60.76,1097000
DATA,2014-07-21,60.93,61.29,59.69,59.95,757700
DATA,2014-07-22,61.62,62.81,61.26,61.38,603300
DATA,2014-07-23,62.44,62.62,61.1676,62.39,509600
DATA,2014-07-24,63.98,64.19,62.3,62.39,520300
DATA,2014-07-25,64.8,65.89,64.29,64.34,986700
DATA,2014-07-28,64.54,65.14,63.84,64.8,677900
DATA,2014-07-29,64.72,65.57,64.16,64.7,597100
DATA,2014-07-30,67.64,68.06,65,65.27,1855600
DATA,2014-07-31,65,67.25,64,67,2073200
DATA,2014-08-01,61.94,67.89,60.53,67.89,3907300
DATA,2014-08-04,63.42,63.66,61.22,62.13,1504600
DATA,2014-08-05,62.52,62.95,61.32,62.5,1156700
DATA,2014-08-06,61.34,62.73,60.86,61.59,1108900
DATA,2014-08-07,61.31,62.07,60.45,62.07,855700
DATA,2014-08-08,60.14,61.25,59.56,61.25,1247000
DATA,2014-08-11,59.41,60.472,58.32,60.25,1794500
DATA,2014-08-12,58.24,59.772,57.89,59.5,1210900
DATA,2014-08-13,61.22,61.5,58.26,58.71,1767600
DATA,2014-08-14,60.23,61.3,59.92,61.13,805100
DATA,2014-08-15,58.99,61,58.2,60.69,1636600
DATA,2014-08-18,60.65,60.87,58.97,59.35,1066400
DATA,2014-08-19,61.76,61.949,60.03,60.71,855900
DATA,2014-08-20,61.38,61.946,60.83,61.65,637400
DATA,2014-08-21,59.68,61,58.46,61,1620500
DATA,2014-08-22,60.98,61.3,59.67,59.73,1304100
DATA,2014-08-25,59.97,61.58,59.88,61.45,662800
DATA,2014-08-26,61.49,61.7,59.87,59.98,672300
DATA,2014-08-27,62.29,62.96,61.084,61.31,776900
DATA,2014-08-28,60.45,62.25,60.25,61.92,916300
DATA,2014-08-29,65.49,65.67,60.47,60.62,2659400
DATA,2014-09-02,68.18,68.25,64.8,65.14,1983600
DATA,2014-09-03,67.51,68.79,66.79,68.79,1264000
DATA,2014-09-04,67.15,68.91,66.915,68.3,890200
DATA,2014-09-05,69.38,69.82,66.6,67.01,1236700
DATA,2014-09-08,69.97,70.47,68.6,69,1665200
DATA,2014-09-09,69.73,70.87,69.25,70.19,1231600
DATA,2014-09-10,72.85,73,69.15,69.9,1704000
DATA,2014-09-11,75.55,76.48,72.11,73,2826600
DATA,2014-09-12,77.16,78.42,74.71,75.85,3376700
DATA,2014-09-15,71.37,76.41,70.3,76.38,2506800
DATA,2014-09-16,73.39,74.13,70.8,72.37,1774800
DATA,2014-09-17,73,74.195,72.51,73.62,973300
DATA,2014-09-18,72.04,73.99,71.98,73.39,905600
DATA,2014-09-19,73.26,73.34,70.02,72.63,1759900
DATA,2014-09-22,72.07,73.93,71.23,72.91,1123796
DATA,2014-09-23,70.91,71.89,69.62,71.44,1494477
DATA,2014-09-24,73.02,73.35,71.093,71.68,968940
DATA,2014-09-25,70.98,73.73,70.5,72.92,1045606
DATA,2014-09-26,71.76,72.13,70.87,71.23,937286
DATA,2014-09-29,73.01,73.75,69.23,70.44,1172544
DATA,2014-09-30,72.65,73.68,71.52,73.46,709969
DATA,2014-10-01,68.03,72.17,67.15,72.17,1628946
DATA,2014-10-02,69.35,69.62,65.8,68.44,1428613
DATA,2014-10-03,70.22,71.98,69.69,70.06,963731
DATA,2014-10-06,71.15,76.06,70.905,72.55,1957167
DATA,2014-10-07,71.24,73.43,69.93,70.18,1261799
DATA,2014-10-08,72.46,72.98,68.33,70.74,1453000
DATA,2014-10-09,72.66,75.64,71.61,72.18,1706990
DATA,2014-10-10,67.62,73.05,67.58,71.64,1740403
DATA,2014-10-13,64.74,68.69,62.15,68.32,2420364
DATA,2014-10-14,65.99,67.74,64.3,65.64,1382163
DATA,2014-10-15,66.38,67.13,62.75,64.43,1812792
DATA,2014-10-16,68.03,69.39,65.11,65.19,1666830
DATA,2014-10-17,70.54,72.75,68.68,69.01,2078447
DATA,2014-10-20,71.56,73.88,70.01,70.16,1638857
DATA,2014-10-21,75.5,75.99,71.74,71.74,1363654
DATA,2014-10-22,72.76,75.37,72.16,75,1210233
DATA,2014-10-23,75.06,77.42,72.95,73.41,1543918
DATA,2014-10-24,77.9,78.55,75.51,75.6,1212380
DATA,2014-10-27,77.71,78.54,76.7,77.87,761483
DATA,2014-10-28,81.19,81.92,77.7,78.34,1536400
DATA,2014-10-29,79.76,81,78.37,81,956909
DATA,2014-10-30,82.59,84.5,80.93,83.68,1034758
DATA,2014-10-31,82.59,83.99,81.45,81.65,1306801
DATA,2014-11-03,81.3,82.62,80.13,82.13,1426660
DATA,2014-11-04,80.49,81.33,78.79,81.07,749693
DATA,2014-11-05,76.5,80.89,76.27,80.87,2165373
DATA,2014-11-06,84.29,88.5,83.11,85.49,4166827
DATA,2014-11-07,84.92,85.53,82.51,84.32,1186718
DATA,2014-11-10,83.55,84.45,81.77,83.62,1541657
DATA,2014-11-11,84.05,84.5,82.64,83.54,869524
DATA,2014-11-12,83.45,84,82.41,83.97,884882
DATA,2014-11-13,82.59,84.5,80.93,83.68,1124548
DATA,2014-11-14,84.83,85,81.29,82.27,782532
DATA,2014-11-17,83.31,86.85,82.75,84.11,947833
DATA,2014-11-18,82.1,84.9899,82,83.58,845074
DATA,2014-11-19,80.23,82.43,78.77,82.1,1604316
DATA,2014-11-20,80.52,81.2,78.55,80,735562
DATA,2014-11-21,81.75,82.86,81.26,81.26,1047071
DATA,2014-11-24,83.05,83.68,81.33,81.71,667666
DATA,2014-11-25,82.13,83.4499,81.28,83,1021494
DATA,2014-11-26,83.86,84.35,81.8601,82,673436
DATA,2014-11-28,83.88,84.48,83.1,83.62,382359
DATA,2014-12-01,81.81,83.6,80.99,83.3,700503
DATA,2014-12-02,82.8,84,82.18,83.19,839042
DATA,2014-12-03,81.27,81.7595,80.1,81.75,886375
DATA,2014-12-04,81.05,82.84,80.57,81.48,638593
DATA,2014-12-05,81.79,82.21,80.79,80.97,601993
DATA,2014-12-08,80.39,82.25,79.77,81.35,844138
DATA,2014-12-09,82.2,82.315,78.11,78.76,764316
DATA,2014-12-10,81.75,85.5821,81.4,83.71,1124378
DATA,2014-12-11,83.22,86.49,82.85,82.96,870863
DATA,2014-12-12,80.59,83.79,80.56,82.77,853219
DATA,2014-12-15,81.58,82.34,79.2,80.77,815374
DATA,2014-12-16,80.32,81.78,79.39,80.37,788473
DATA,2014-12-17,85.87,86.03,80.56,80.56,1284753
DATA,2014-12-18,88.8,89.72,86.92,87.11,1164306
DATA,2014-12-19,88.06,89.95,87.48,89.12,907587
DATA,2014-12-22,87.01,88.79,86.53,88.06,658165
DATA,2014-12-23,88.72,89.86,87.28,87.5,799609
DATA,2014-12-24,88.76,89.92,88.32,88.78,175771
DATA,2014-12-26,88.9,89.75,88.39,88.91,269770
DATA,2014-12-29,86.7,88.77,86.06,88.47,531859
DATA,2014-12-30,85.68,86.92,84.54,86.61,453174
DATA,2014-12-31,84.76,86.28,84.52,85.56,410865
DATA,2015-01-02,85.98,86.39,83.81,84.84,619681
DATA,2015-01-05,84.74,86.2784,83.34,85,773016
DATA,2015-01-06,83.36,86.19,81.43,85,1014824
DATA,2015-01-07,83.4,85.6,83.08,84.43,465248
DATA,2015-01-08,86.45,87.75,83.9026,84.48,613329
DATA,2015-01-09,86.98,87.506,85.36,87.11,556103
DATA,2015-01-12,86.77,87.1936,84.92,86.72,504960
DATA,2015-01-13,85.93,88.792,83.97,87.51,517432
DATA,2015-01-14,85.51,86.6,84.141,84.5,549488
DATA,2015-01-15,81.07,86.28,80.83,86.1,959171
DATA,2015-01-16,83.19,83.415,80.03,80.98,659792
DATA,2015-01-20,82.89,84.76,81.52,83.69,394203
DATA,2015-01-21,82.46,84.82,81.97,82.81,472710
DATA,2015-01-22,83.52,84.048,81.06,82.8,642039
DATA,2015-01-23,83.13,85.27,82.64,83.07,742971
DATA,2015-01-26,84.11,84.94,82.97,83.45,533889
DATA,2015-01-27,81.3,82.92,80.67,82.4,650972
DATA,2015-01-28,78.37,82.5,78.2099,82.4,770401
DATA,2015-01-29,80.5,80.86,76.01,78.54,820470
DATA,2015-01-30,80.76,81.83,79.51,79.71,720493
DATA,2015-02-02,82.05,82.44,79.57,81.46,820029
DATA,2015-02-03,83.01,83.21,80.54,82.85,716806
DATA,2015-02-04,84.21,84.85,82.32,83,2035262
DATA,2015-02-05,98.73,99.6,95.16,98.39,4849200
DATA,2015-02-06,97.41,98.71,95.81,98.6,1415515
DATA,2015-02-09,93.28,95.61,92,94.7,1758309
DATA,2015-02-10,95.49,96,91.63,93.89,1628979
DATA,2015-02-11,97.57,98.4,95.37,95.76,2023446
DATA,2015-02-12,98.5,98.64,96.68,97.9,1313478
DATA,2015-02-13,99.9,100,97,98.5,1439237
DATA,2015-02-17,98.45,99.206,96.521,99.11,1091752
DATA,2015-02-18,97.84,99.95,97.76,98.45,841703
DATA,2015-02-19,99.32,101,97,97.59,1952040
DATA,2015-02-20,99.28,101,99.03,99.03,989246
DATA,2015-02-23,96.85,98.99,96.08,98.65,858532
DATA,2015-02-24,96.22,97.8,95.4,96.85,640950
DATA,2015-02-25,97.27,97.9099,95.67,96.16,521690
DATA,2015-02-26,97.42,101.3,96.15,98.92,1409203
DATA,2015-02-27,94.01,98.745,93.46,97.97,1214521
DATA,2015-03-02,96.85,97.08,94.14,94.14,826665
DATA,2015-03-03,94.25,96.78,93.15,95.97,854330
DATA,2015-03-04,92.11,94.24,90.06,93.85,1192284
DATA,2015-03-05,95.5,96.2399,91.73,92.47,1100578
DATA,2015-03-06,92.34,95.84,91.91,94.45,824389
DATA,2015-03-09,92.67,93.09,90.91,92,562075
DATA,2015-03-10,92.04,93.24,91.09,91.5,531388
DATA,2015-03-11,93.16,94.83,92.02,92.11,591284
DATA,2015-03-12,94.76,95.36,92.75,93.82,696143
DATA,2015-03-13,92.66,95.14,92.21,94.2,462888
DATA,2015-03-16,94.47,94.65,91.9,93.12,476803
DATA,2015-03-17,95.02,95.855,94.07,94.28,481483
DATA,2015-03-18,97.88,99.29,94.62,94.88,1091627
DATA,2015-03-19,97.45,98.5,96.5,97.83,688916
DATA,2015-03-20,93.96,97.96,93.21,96.25,951569
DATA,2015-03-23,94.08,95.25,92.79,93.53,1032549
DATA,2015-03-24,93.68,95.99,93.23,94.46,858580
DATA,2015-03-25,90.73,94.04,89.34,93.78,881374
DATA,2015-03-26,92.79,93.1508,89.34,89.34,823021
DATA,2015-03-27,93.24,94.37,91.54,92.45,707567
DATA,2015-03-30,93.09,94.46,92.52,93.32,479698
DATA,2015-03-31,92.52,92.88,90.961,92.7,622722
DATA,2015-04-01,90.97,92.724,89.5,92.6,703617
DATA,2015-04-02,91.27,91.75,89.7,90.93,486645
DATA,2015-04-06,93.04,94.04,90.14,90.31,811586
DATA,2015-04-07,94.95,96.4,93.85,93.96,787184
DATA,2015-04-08,97.23,98.16,95.08,95.4,854024
DATA,2015-04-09,96.76,97.95,96.21,97.48,426018
DATA,2015-04-10,97.22,97.28,95.93,97.26,583220
DATA,2015-04-13,95.79,99.4,95.46,97.29,717324
DATA,2015-04-14,95.5,96.646,94.31,96.22,555143
DATA,2015-04-15,96.05,96.5,95.02,95.92,530122
DATA,2015-04-16,101.16,101.68,96.35,97.47,1396282
DATA,2015-04-17,95.07,98.83,94.05,98.53,1989932
DATA,2015-04-20,95.31,96.34,94.139,95.45,860579
DATA,2015-04-21,98.85,99.25,97.14,97.3,913355
DATA,2015-04-22,98.72,99.73,97.8967,99.44,824132
DATA,2015-04-23,102.2,103.13,97.91,99.28,1347645
DATA,2015-04-24,102.4,103.4,101.79,103.23,939689
DATA,2015-04-27,99.91,103.36,99.34,103.35,1042137
DATA,2015-04-28,99.58,101.3,98.02,99.94,530206
DATA,2015-04-29,100.35,101.9999,97.11,98.91,1105591
DATA,2015-04-30,97.84,101.21,97.34,99.25,820186
DATA,2015-05-01,97.77,99.52,96,98.91,882737
DATA,2015-05-04,99.14,99.73,97.8,98.75,777875
DATA,2015-05-05,97.27,99.75,94.79,98.6,1268438
DATA,2015-05-06,96.75,97.92,95.2,97.92,990189
DATA,2015-05-07,97.43,98.26,95.79,96.66,2427425
DATA,2015-05-08,110.69,112.58,105.75,106.66,5365330
DATA,2015-05-11,112,113.6183,110.1301,110.78,1570648
DATA,2015-05-12,110.15,110.82,107.34,110.05,1678854
DATA,2015-05-13,110.84,111.47,108.16,110.25,1230675
DATA,2015-05-14,112.66,113,109.501,111.78,1228343
DATA,2015-05-15,110.09,112.5,109.8,112.5,930692
DATA,2015-05-18,111.91,112.5,109.12,109.12,1166945
DATA,2015-05-19,114.3,116.042,111.91,112.52,1795295
DATA,2015-05-20,113.33,115.39,111.5801,114.97,933755
DATA,2015-05-21,112.96,113.956,112,113.93,861850
DATA,2015-05-22,113.36,113.56,112.01,113.56,695985
DATA,2015-05-26,112.61,113.25,110.2,113,1047612
DATA,2015-05-27,114.86,114.97,111.32,112.87,612962
DATA,2015-05-28,113.23,115.5,112.69,114.29,619298
DATA,2015-05-29,113.21,114.5,111.18,113,592989
DATA,2015-06-01,112.9,113.93,111.28,112.62,898813
DATA,2015-06-02,112.9,113.88,111.276,112.74,525234
DATA,2015-06-03,114.87,115.78,112.99,113.3,673967
DATA,2015-06-04,113.51,114.95,112.11,114.38,477967
DATA,2015-06-05,115.6,116.87,112.99,113.05,710014
DATA,2015-06-08,113.64,116.34,112.82,115.11,681206
DATA,2015-06-09,116.27,116.92,112.11,115.03,857755
DATA,2015-06-10,117.73,117.82,114.14,117.28,874786
DATA,2015-06-11,119,119.44,117.8,117.8,807205
DATA,2015-06-12,119.08,119.91,117.11,118.21,801881
DATA,2015-06-15,120.75,122,117.8,117.95,941002
DATA,2015-06-16,120.6,121.5999,118.5,120.43,767240
DATA,2015-06-17,120.75,123.4,120.13,120.71,1004816
DATA,2015-06-18,122.54,123.4,120.11,120.99,979452
DATA,2015-06-19,122.81,123.98,121.15,122.37,1702836
DATA,2015-06-22,121.54,123.96,120.56,123.81,753879
DATA,2015-06-23,122.16,122.86,121.3,121.92,417956
DATA,2015-06-24,119.68,122.55,118.59,121.9,645708
DATA,2015-06-25,120.56,121.8,119.75,120.42,595221
DATA,2015-06-26,116.86,120.51,115.04,120.51,1541926
DATA,2015-06-29,113.81,118.82,113.54,115.4,1182470
DATA,2015-06-30,115.3,116.99,113.35,115.22,1491096
DATA,2015-07-01,116.98,119.38,116.65,116.74,779520
DATA,2015-07-02,117.11,117.7099,115.07,117.35,531597
DATA,2015-07-06,116.81,118.17,114.713,115.34,602222
DATA,2015-07-07,117.51,118.27,113.87,116.67,993753
DATA,2015-07-08,116.26,118.38,115.59,116.32,779955
DATA,2015-07-09,119.45,122,117.46,118.37,947664
DATA,2015-07-10,121.01,122.49,119.11,120.87,727754
DATA,2015-07-13,120.64,123.33,120.1,122.88,582130
DATA,2015-07-14,121.78,122.23,119.61,121.06,621410
DATA,2015-07-15,121.48,122.25,120.455,122.25,521046
DATA,2015-07-16,125.09,126.93,121.64,122.52,1040405
DATA,2015-07-17,126.34,126.75,124.64,125.76,626905
DATA,2015-07-20,128.15,128.63,126.07,126.25,724634
DATA,2015-07-21,127.57,128.604,126.24,127.72,454855
DATA,2015-07-22,128.74,129.71,126.48,126.6,606619
DATA,2015-07-23,127.27,131.34,127.06,129.02,719544
DATA,2015-07-24,127.44,131.17,125.54,129.54,1155846
DATA,2015-07-27,125,128.37,123.76,126.01,928264
DATA,2015-07-28,127.07,127.265,122.772,125.85,1229639
DATA,2015-07-29,113.49,114.19,97.67,105.79,11066000
DATA,2015-07-30,106.84,111.89,103,111.78,3436133
DATA,2015-07-31,104.74,107.61,104.32,106.48,1295449
DATA,2015-08-03,101.34,105.78,99.17,104.29,2714752
DATA,2015-08-04,101.18,101.63,98.93,100.54,1374315
DATA,2015-08-05,103.94,104.73,101.6,101.6,1149906
DATA,2015-08-06,99.25,104.37,98.94,103.71,1359217
DATA,2015-08-07,101.77,102.68,98.61,100.03,1311750
DATA,2015-08-10,103.9,103.96,101.48,101.85,1196187
DATA,2015-08-11,102.16,103.63,100.38,102.556,1108284
DATA,2015-08-12,103.05,103.09,100,101.1,988376
DATA,2015-08-13,104.25,105.4,102.11,102.93,1095156
DATA,2015-08-14,107.44,109.395,103.56,103.85,1999249
DATA,2015-08-17,106.49,107.98,105.31,107.18,996856
DATA,2015-08-18,106.04,108.4099,105.34,106.5,783424
DATA,2015-08-19,104.56,107.08,104.048,105.03,771340
DATA,2015-08-20,100.6,105.2,100.3,103.79,1234899
DATA,2015-08-21,99.48,101.5,98.09,98.76,1581641
DATA,2015-08-24,94.82,101.73,89.84,89.84,1794537
DATA,2015-08-25,94.87,100.87,94.62,98.48,1655052
DATA,2015-08-26,96.36,97.545,92.56,97.06,2028607
DATA,2015-08-27,97.33,99.4,95.05,98.232,1228444
DATA,2015-08-28,97.16,98.19,95.83,97.1,1044406
DATA,2015-08-31,94.17,98.57,94.045,97.15,2533949
DATA,2015-09-01,91.72,93.86,91.36,92.41,1453487
DATA,2015-09-02,95.5,95.64,92.02,92.79,1074574
DATA,2015-09-03,95.08,97,93.86,95.95,723230
DATA,2015-09-04,94.68,95.8,93.63,93.7,588055
DATA,2015-09-08,95.66,96.7,93.07,95.54,1489159
DATA,2015-09-09,93.42,97.35,93.17,96.41,748681
DATA,2015-09-10,93.65,94.745,91.64,92.7,1001616
DATA,2015-09-11,93.8,94.74,93.11,93.41,711667
DATA,2015-09-14,94.39,94.52,92.78,94.1,653091
DATA,2015-09-15,93.01,94.38,92.43,94.19,1195677
DATA,2015-09-16,91.52,93.33,90.13,93.02,1829121
DATA,2015-09-17,84.81,91.66,84.42,91.51,7520182
DATA,2015-09-18,84.68,84.94,81.5,84.11,4365052
DATA,2015-09-21,86.48,87.5,85,85.25,2445786
DATA,2015-09-22,83.5,87.09,83.09,86,1515601
DATA,2015-09-23,84.56,85.02,82.91,84,1138922
DATA,2015-09-24,85.59,85.98,82.83,84.11,1385588
DATA,2015-09-25,82.99,86.9999,82.13,86.49,814081
DATA,2015-09-28,79.25,83.25,78.59,82.63,1551171
DATA,2015-09-29,77.58,80.43,76.01,79.22,1629648
DATA,2015-09-30,79.78,80.24,77.03,78.62,1287715
DATA,2015-10-01,82.2,82.37,78.68,79.36,1527649
DATA,2015-10-02,84.31,84.39,79.16,80.48,1294614
DATA,2015-10-05,83.19,85.15,82.6601,84.3,1302994
DATA,2015-10-06,80.93,83.53,79.405,82.71,1190481
DATA,2015-10-07,83.09,83.41,80.15,81.4,992801
DATA,2015-10-08,79.56,83,79.22,82.9,1221993
DATA,2015-10-09,83,83.3,78.28,79.86,1298443
DATA,2015-10-12,84.46,84.8,82.08,83.05,1395230
DATA,2015-10-13,84.24,85.97,82.7,83.94,1696369
DATA,2015-10-14,81.77,84.6086,81.04,84.05,1030567
DATA,2015-10-15,82.95,83,80.31,82.07,975050
DATA,2015-10-16,85.05,85.09,82.31,83.36,999431
DATA,2015-10-19,85.52,89.06,84.56,85,1427930
DATA,2015-10-20,86.81,87.64,85,85.39,1255816
DATA,2015-10-21,82.25,87.52,82.07,87.52,1325616
DATA,2015-10-22,83.82,85.804,82.9,83.15,1380943
DATA,2015-10-23,83.7,85.68,83,83.32,1741620
DATA,2015-10-26,82.53,84.08,81.16,83.77,1005134
DATA,2015-10-27,80.96,82.3,80.5,82.29,1348162
DATA,2015-10-28,83.94,84.87,80.14,81.05,1450795
DATA,2015-10-29,81.72,84.28,81.5,84.1,717287
DATA,2015-10-30,83.96,84.19,81.78,82.34,927305
DATA,2015-11-02,86.19,86.91,83.61,84.42,989682
DATA,2015-11-03,85.93,86.91,85.21,86.07,854230
DATA,2015-11-04,87.81,88.23,85.86,86.48,1355351
DATA,2015-11-05,84.39,87.22,83.55,86.29,2543298
DATA,2015-11-06,102.44,104.92,98,98.71,4767400
DATA,2015-11-09,100.05,102.44,97.84,101.81,2010901
DATA,2015-11-10,96.29,97.89,95.2508,96.55,1652241
DATA,2015-11-11,96.75,96.93,94.33,96.27,1490613
DATA,2015-11-12,95.1,98.5,95.02,95.51,1081939
DATA,2015-11-13,93.58,95.53,93.05,94.67,747162
DATA,2015-11-16,92.52,94.41,90.59,93.13,1314342
DATA,2015-11-17,93.74,94.47,92.53,93,1079086
DATA,2015-11-18,95.09,95.4699,93.5,93.93,772794
DATA,2015-11-19,93.87,95.69,93.44,95.02,695657
DATA,2015-11-20,93.59,94.835,92.65,94.25,618433
DATA,2015-11-23,94.73,95.96,92.83,93.54,877158
DATA,2015-11-24,95.02,95.43,93.04,93.8,1080509
DATA,2015-11-25,96.96,97.48,94.53,95,993062
DATA,2015-11-27,97.67,98.68,96.64,96.64,596572
DATA,2015-11-30,97.03,98,95.795,97.64,799940
DATA,2015-12-01,97.61,98.15,96.25,97.4,733026
DATA,2015-12-02,94.99,97.81,94.524,97.5,828021
DATA,2015-12-03,92.45,95.58,91.05,95.24,1218141
DATA,2015-12-04,94.1,94.2,91.79,92.68,753528
DATA,2015-12-07,92.57,94.11,92.18,93.25,664860
DATA,2015-12-08,93.63,94.03,91.2,91.44,834295
DATA,2015-12-09,91.25,93.93,90.88,93.5,602458
DATA,2015-12-10,92.43,94.2,90.86,91.49,838391
DATA,2015-12-11,88.23,91.79,87.88,90.79,959456
DATA,2015-12-14,88.24,89.78,86.82,88.23,552040
DATA,2015-12-15,89.45,90.2899,88.35,88.56,646735
DATA,2015-12-16,92.2,92.49,89.45,90.45,758364
DATA,2015-12-17,90.21,93.135,90.15,92.37,654867
DATA,2015-12-18,88.67,90.46,88.21,90.17,939741
DATA,2015-12-21,89.06,89.49,87.84,89.49,569406
DATA,2015-12-22,93.2,94.13,89.7326,89.83,1259568
DATA,2015-12-23,95.17,95.53,93.33,93.33,818198
DATA,2015-12-24,95.48,95.77,94.8,94.87,281042
DATA,2015-12-28,95.06,95.625,94.33,94.73,484162
DATA,2015-12-29,95.09,96.67,93.77,95.52,565651
DATA,2015-12-30,94.75,96.55,94.43,95.1,553009
DATA,2015-12-31,94.22,95.69,93.91,94.47,478491
DATA,2016-01-04,93.79,93.903,91.51,92.71,670113
DATA,2016-01-05,94.3,94.63,93.2901,94.22,518028
DATA,2016-01-06,93.5,94.72,92.01,92.86,853171
DATA,2016-01-07,88.57,93.14,88,91.28,1249746
DATA,2016-01-08,86.43,90.53,85.64,89.06,1120477
DATA,2016-01-11,87.13,87.66,85.22,86.8,791780
DATA,2016-01-12,88.49,90.99,85.58,88.34,804320
DATA,2016-01-13,82.15,89.54,81.12,87.96,1826076
DATA,2016-01-14,82.73,83.85,77.33,82.15,1563311
DATA,2016-01-15,81.06,81.71,77.15,79,1464981
DATA,2016-01-19,80.89,82.2599,78.65,81.73,1312000
DATA,2016-01-20,79.41,80.1,74.82,79.15,2119804
DATA,2016-01-21,80.74,83.26,78.22,79.74,1446178
DATA,2016-01-22,81.34,83.4,81.24,81.51,1353097
DATA,2016-01-25,77.75,81.82,77.35,81.12,1198563
DATA,2016-01-26,77.99,79.53,75.58,78.14,915952
DATA,2016-01-27,73.57,77.2299,73.2,77.15,2271256
DATA,2016-01-28,77.85,81.59,71.61,72.47,3549203
DATA,2016-01-29,80.24,80.93,77.81,77.81,1241262
DATA,2016-02-01,80.9,81.25,78.64,79.94,1011007
DATA,2016-02-02,78.83,81.01,78.66,81.01,1115055
DATA,2016-02-03,79.61,79.9695,73.73,77.92,1632020
DATA,2016-02-04,81.75,82.92,77.73,79.49,7890661
DATA,2016-02-05,41.33,45.64,40.04,44.05,21218500
DATA,2016-02-08,37.22,40.52,36.86,39.13,6912529
DATA,2016-02-09,39.23,40.59,36.6,36.6,5622687
DATA,2016-02-10,39.86,41.08,38.77,40.09,3229109
DATA,2016-02-11,39.98,40.38,38.52,39.12,1771235
DATA,2016-02-12,40.25,41.2,39.07,40.46,1979122
DATA,2016-02-16,40.17,41.74,39.78,40.97,2422498
DATA,2016-02-17,42.09,42.16,40.19,40.36,3071498
DATA,2016-02-18,41.09,42.4,40.96,41.91,1279162
DATA,2016-02-19,42.39,42.65,40.5101,41,1488346
DATA,2016-02-22,42.66,43.2,42.01,43.2,1595818
DATA,2016-02-23,40.84,42.6599,40.62,42.6,1651060
DATA,2016-02-24,42.07,42.16,39.62,40.5,1589562
DATA,2016-02-25,43.06,44.39,42.35,43.33,1787333
DATA,2016-02-26,44.41,45.14,43.01,43.91,2677348
DATA,2016-02-29,45.65,46.32,44.295,44.57,1965490
DATA,2016-03-01,48.6,48.63,46.05,46.41,2832477
DATA,2016-03-02,44.19,48.8528,44.09,48.44,4233119
DATA,2016-03-03,43.12,45.12,42.35,44.98,5723370
DATA,2016-03-04,42.75,44.5,42.69,43.49,4442387
DATA,2016-03-07,44.32,44.78,42.1,42.6,2626497
DATA,2016-03-08,43.64,44.946,43.56,43.88,1866155
DATA,2016-03-09,42.68,44.2558,42.45,44.09,2095568
DATA,2016-03-10,42.8,43.855,42.53,43,2229694
DATA,2016-03-11,44.97,45.4,43.1,43.22,1176795
DATA,2016-03-14,43.81,45.03,43.68,45,1137672
DATA,2016-03-15,42.55,43.82,42.12,43.53,1098338
DATA,2016-03-16,43.67,43.84,42.34,42.39,1492229
DATA,2016-03-17,43.22,43.84,42.83,43.42,1228558
DATA,2016-03-18,44.03,44.26,43.03,43.25,1818433
DATA,2016-03-21,43.62,44.4,43.43,44,1131074
DATA,2016-03-22,43.85,44.1,43.05,43.29,1536338
DATA,2016-03-23,42.19,44.02,42.08,43.85,1393579
DATA,2016-03-24,42.9,43.11,41.326,42,1128207
DATA,2016-03-28,43.93,44.83,43.59,43.86,1833100
DATA,2016-03-29,45.65,45.715,43.43,43.75,1313310
DATA,2016-03-30,45.36,46.44,44.73,45.83,1744035
DATA,2016-03-31,45.87,46.03,44.24,45.19,1202350
DATA,2016-04-01,45.86,46,44.7,45.39,1429819
DATA,2016-04-04,46.83,47.4699,45.41,45.74,1487684
DATA,2016-04-05,45.29,47.0489,45.27,46.2,1257783
DATA,2016-04-06,45.9,46.2,44.21,45.31,1211447
DATA,2016-04-07,45.43,46.25,44.84,45.66,1005420
DATA,2016-04-08,45.62,46.07,44.8,45.79,977309
DATA,2016-04-11,44.81,46.14,44.75,45.7,1039418
DATA,2016-04-12,44.01,45.14,43.8308,44.8,1320445
DATA,2016-04-13,47.88,47.995,44.19,44.35,2515464
DATA,2016-04-14,48.14,48.75,47.73,47.9,1450939
DATA,2016-04-15,48.17,48.39,47.49,48,762617
DATA,2016-04-18,48.82,49.18,47.615,47.91,1070525
DATA,2016-04-19,47,49.25,46.5,48.95,1593338
DATA,2016-04-20,47.77,48.28,46.79,47.6,1112415
DATA,2016-04-21,49.59,50.3396,48.745,48.77,1629865
DATA,2016-04-22,49.85,50.25,48.57,49.23,1496535
DATA,2016-04-25,49.86,50.8449,49.53,49.7,915781
DATA,2016-04-26,49.5,50.51,49.37,49.69,1226913
DATA,2016-04-27,49.63,50.53,49.37,49.37,1354100
DATA,2016-04-28,49.38,50.28,49.02,49.9,1494887
DATA,2016-04-29,51.7,51.78,49.5,49.64,2184831
DATA,2016-05-02,52.14,53.76,51.46,52,1974699
DATA,2016-05-03,50.72,52,50.26,51.77,1326544
DATA,2016-05-04,49.95,50.82,49.57,50.5,1698817
DATA,2016-05-05,50.98,51.08,49.31,50,3389021
DATA,2016-05-06,45.21,47.97,44.04,47.76,9002208
DATA,2016-05-09,46.39,47.17,45,45,2443073
DATA,2016-05-10,47.85,47.88,45.82,46.25,1618879
DATA,2016-05-11,49.26,49.66,47.68,47.99,1863496
DATA,2016-05-12,48.07,50.02,47.51,49.63,1792746
DATA,2016-05-13,48.35,48.6,47.48,48.08,1337590
DATA,2016-05-16,48.41,49.17,47.59,48.33,1183131
DATA,2016-05-17,47.38,48.94,47.2,48.38,2080116
DATA,2016-05-18,48.47,48.68,47.22,47.23,1452425
DATA,2016-05-19,48,49.28,47.53,48.2,1101575
DATA,2016-05-20,49.25,49.58,47.97,48.17,1322586
DATA,2016-05-23,48.99,49.74,48.4,49.09,1689347
DATA,2016-05-24,48.89,49.5,48.19,49.4,1849396
DATA,2016-05-25,49.35,49.9,48.94,49.32,1089480
DATA,2016-05-26,49.4,49.83,48.93,49.44,813372
DATA,2016-05-27,50.2,50.43,48.83,49.03,1127774
DATA,2016-05-31,51.44,52.31,50.15,50.4,4376480
DATA,2016-06-01,54.32,54.41,51,51.14,2540015
DATA,2016-06-02,56.16,56.27,53.55,53.79,2068711
DATA,2016-06-03,54.86,56,54.43,56,1450665
DATA,2016-06-06,55.7,55.908,54.2601,54.89,1247113
DATA,2016-06-07,55.33,55.795,54.39,55.31,2299188
DATA,2016-06-08,56.18,56.29,55.24,55.47,1474558
DATA,2016-06-09,55.47,56.18,55.26,55.96,1660337
DATA,2016-06-10,53.91,54.82,53.75,54.77,1497490
DATA,2016-06-13,54.38,55.72,53.64,53.94,1404406
DATA,2016-06-14,53.84,54.7489,53.34,54,950882
DATA,2016-06-15,54.64,55.43,53.85,53.97,1213197
DATA,2016-06-16,54.44,54.64,53.39,54.38,1219279
DATA,2016-06-17,54.14,54.46,53.525,54.24,1170610
DATA,2016-06-20,54.68,55.66,54.44,55,1155874
DATA,2016-06-21,54.94,55.48,54.51,54.98,688292
DATA,2016-06-22,54.31,54.85,53.67,54.68,1207222
DATA,2016-06-23,55.76,55.87,54.17,54.76,845052
DATA,2016-06-24,50.64,53.8387,50.31,53.8,2839475
DATA,2016-06-27,47.15,50.33,46.74,50.12,2529093
DATA,2016-06-28,48.11,48.61,47.49,48.03,1638431
DATA,2016-06-29,49.28,49.69,47.9999,48.56,1026247
DATA,2016-06-30,48.92,49.52,48.25,49.03,968881
DATA,2016-07-01,48.96,49.63,48.54,49.19,673204
DATA,2016-07-05,49.11,49.28,47.77,48.64,937061
DATA,2016-07-06,49.32,49.775,48.25,48.75,636940
DATA,2016-07-07,49.53,50.18,49.31,49.61,583786
DATA,2016-07-08,50.5,51.08,49.84,49.99,887374
DATA,2016-07-11,50.42,51.56,50.32,51.36,1290320
DATA,2016-07-12,53.13,53.71,50.49,50.6,2042441
DATA,2016-07-13,52.48,53.52,52.3601,53.52,777505
DATA,2016-07-14,53.27,53.73,52.913,53.01,693513
DATA,2016-07-15,53.19,53.4751,52.59,53.43,437245
DATA,2016-07-18,53.63,53.81,53,53.23,400052
DATA,2016-07-19,53.63,54.33,53.31,53.77,692393
DATA,2016-07-20,57.03,57.82,54.61,54.83,2622920
DATA,2016-07-21,54.95,57.03,54.8,56.95,854481
DATA,2016-07-22,57.06,57.28,54.81,55.2,849834
DATA,2016-07-25,55.68,55.97,54.11,54.93,1521382
DATA,2016-07-26,56.13,56.25,55.6,55.68,972610
DATA,2016-07-27,56.09,57.05,55.62,56.52,858551
DATA,2016-07-28,56.95,57.25,56.11,57.08,1182676
DATA,2016-07-29,56.51,57,55.21,56.91,1023926
DATA,2016-08-01,56.44,57.12,55.62,56.3,1098777
DATA,2016-08-02,56.4,57.14,55.63,56.18,2598519
DATA,2016-08-03,53.2,53.5,50.27,52.87,6005000
DATA,2016-08-04,52.73,53.999,52.72,53.16,1547631
DATA,2016-08-05,53.71,53.75,52.79,52.82,1116110
DATA,2016-08-08,53.19,54.39,53.11,54,836809
DATA,2016-08-09,52.95,53.2225,51.86,53,1355415
DATA,2016-08-10,52.82,53.18,52.05,52.9,675751
DATA,2016-08-11,53.73,53.995,52.71,52.84,871274
DATA,2016-08-12,53.85,53.86,53.265,53.65,797014
DATA,2016-08-15,54.63,54.9,53.76,53.93,627834
DATA,2016-08-16,54.25,55.54,54.08,54.96,1135008
DATA,2016-08-17,53.84,54.69,53.67,54.04,1065256
DATA,2016-08-18,54.47,54.66,53.51,53.7,592845
DATA,2016-08-19,55.25,55.31,54.01,54.09,789663
DATA,2016-08-22,54.87,55.23,54.55,54.79,741655
DATA,2016-08-23,62.22,62.53,58.79,59.14,7498900
DATA,2016-08-24,60.49,62.03,60.19,62.02,3033800
DATA,2016-08-25,59.79,60.24,58.81,59,1679075
DATA,2016-08-26,59.27,60,58.39,59.65,1520811
DATA,2016-08-29,59.33,59.82,58.54,59.26,660106
DATA,2016-08-30,58.91,59.9,58.56,59.25,823810
DATA,2016-08-31,58.03,58.72,57.77,58.61,650349
DATA,2016-09-01,58.03,58.33,57.29,57.64,577319
DATA,2016-09-02,58.46,58.75,57.84,58.35,637194
DATA,2016-09-06,58.7,59.695,58.51,58.55,742316
DATA,2016-09-07,58.34,59.58,58.23,58.59,902135
DATA,2016-09-08,57.4,58.6,57.29,58.3,631421
DATA,2016-09-09,57.55,57.94,56.41,57.14,1171432
DATA,2016-09-12,57.08,57.4199,56.21,57.06,928080
DATA,2016-09-13,55.5,57.39,55.08,56.51,1007017
DATA,2016-09-14,55.38,56.43,54.9,55.44,1241555
DATA,2016-09-15,55.16,55.64,54.64,55.28,1171439
DATA,2016-09-16,54.87,55.339,54.37,55.16,1074295
DATA,2016-09-19,54.18,55.43,54.08,55.37,746389
DATA,2016-09-20,53.31,54.75,53.155,54.25,1092153
DATA,2016-09-21,53.81,53.88,52.91,53.63,1016291
DATA,2016-09-22,54.48,54.69,53.53,54.39,656806
DATA,2016-09-23,54.41,54.99,53.99,54.53,673740
DATA,2016-09-26,53.96,54.35,53.59,54.09,525187
DATA,2016-09-27,54.81,55.05,53.97,53.97,633293
DATA,2016-09-28,55.88,55.93,54.95,54.99,767097
DATA,2016-09-29,54.74,56.14,54.55,55.86,711062
DATA,2016-09-30,55.27,55.54,54.02,54.93,762389
DATA,2016-10-03,56.02,56.22,55.26,55.28,715509
DATA,2016-10-04,55.71,56.23,55.56,56.2,580398
DATA,2016-10-05,53.78,55.53,53.7,55.52,1426082
DATA,2016-10-06,51.63,53.69,51.43,53.69,2130834
DATA,2016-10-07,50.41,51.429,50.2,51.38,1740214
DATA,2016-10-10,50.83,51.82,50.5,50.5,1111602
DATA,2016-10-11,49.94,51.63,49.76,50.81,1433614
DATA,2016-10-12,49.35,50.14,49.07,49.69,776945
DATA,2016-10-13,48.93,49.07,47.91,48.67,1412053
DATA,2016-10-14,48.03,50.06,48,48.89,1289006
DATA,2016-10-17,47.2,48.16,47.14,48.03,1304964
DATA,2016-10-18,47.23,48.0774,47.1,47.87,831847
DATA,2016-10-19,48.91,53.02,48.5,50.04,6468284
DATA,2016-10-20,49.02,49.55,47.81,48.3,1920134
DATA,2016-10-21,48.25,48.39,47.21,48,1897877
DATA,2016-10-24,48.9,49.1,48.1,48.68,1227773
DATA,2016-10-25,47.87,48.91,47.74,48.73,1318307
DATA,2016-10-26,48.11,48.56,47.68,47.76,891816
DATA,2016-10-27,47.64,49.13,47.415,48.7,994063
DATA,2016-10-28,47.82,48.17,47.28,47.3,2222825
DATA,2016-10-31,48.05,48.275,47.31,48,1904769
DATA,2016-11-01,49.51,49.65,48.03,48.05,3695078
DATA,2016-11-02,43.51,45.72,42.8248,44.23,8043467
DATA,2016-11-03,43.59,44.15,42.7,43.14,1922564
DATA,2016-11-04,44.7,45.545,43.77,43.77,2010389
DATA,2016-11-07,45.65,46.445,45.12,45.58,1100956
DATA,2016-11-08,46.2,46.48,45.01,45.58,972496
DATA,2016-11-09,46.98,47.72,44.91,44.97,1366554
DATA,2016-11-10,47.32,48.68,46.3,47.59,1413544
DATA,2016-11-11,47.41,47.55,46.19,47.07,1227202
DATA,2016-11-14,46,47.99,45.72,47.83,1647819
DATA,2016-11-15,46.55,47,45.6,46.12,1157949
DATA,2016-11-16,45.95,46.72,45.74,46.33,1151592
DATA,2016-11-17,47.2,47.7,45.47,45.79,1206302
DATA,2016-11-18,46.47,47.87,46.03,47.73,1028403
DATA,2016-11-21,47.25,47.31,46.29,46.59,761342
DATA,2016-11-22,47.43,47.68,46.64,46.98,683214
DATA,2016-11-23,46.86,47.32,46.64,47.06,600224
DATA,2016-11-25,47.02,47.21,46.15,46.86,286321
DATA,2016-11-28,45.72,47.47,45.52,46.96,715676
DATA,2016-11-29,45.37,46.02,45.1,45.7,782802
DATA,2016-11-30,44.88,45.95,44.6,45.9,651796
DATA,2016-12-01,44.18,45.44,43.25,44.79,1366192
DATA,2016-12-02,44.34,44.55,42.24,42.44,1264022
DATA,2016-12-05,45.42,45.93,44.39,44.54,1119013
DATA,2016-12-06,45.36,45.8,44.95,45.39,1101458
DATA,2016-12-07,45.57,46.08,44.77,45.18,869496
DATA,2016-12-08,45.65,46.06,45.26,45.64,581538
DATA,2016-12-09,45.95,46.97,45.52,45.79,973766
DATA,2016-12-12,44.84,45.94,44.12,45.81,944888
DATA,2016-12-13,45,46.08,44.53,44.72,901802
DATA,2016-12-14,43.99,44.85,43.78,44.85,901810
DATA,2016-12-15,44.22,44.87,43.71,43.78,701502
DATA,2016-12-16,44.02,44.75,43.79,44.15,722356
DATA,2016-12-19,43.09,44.22,42.96,44.03,1007102
DATA,2016-12-20,42.66,43.68,42.42,43.21,890407
DATA,2016-12-21,42.35,42.93,41.83,42.85,1332800
DATA,2016-12-22,41.67,42.46,41.5466,42.28,908784
DATA,2016-12-23,42.12,42.16,41.51,41.6,485104
DATA,2016-12-27,42.71,43.13,42.14,42.14,423970
DATA,2016-12-28,41.84,42.96,41.61,42.79,622371
DATA,2016-12-29,41.68,42.02,41.41,41.71,564440
DATA,2016-12-30,42.15,42.34,41.61,41.81,770190
DATA,2017-01-03,43.32,44.15,41.65,41.65,1195872
DATA,2017-01-04,45.06,45.29,43.33,43.4,1688568
DATA,2017-01-05,44.81,45.3,44.2,44.51,1096759
DATA,2017-01-06,44.98,45.29,44.79,44.99,694057
DATA,2017-01-09,45.24,45.46,44.6701,45.02,780252
DATA,2017-01-10,45.19,45.51,44.5,45.37,776883
DATA,2017-01-11,45.2,45.65,44.63,45.17,748941
DATA,2017-01-12,44.77,45.2,43.8301,45.2,772048
DATA,2017-01-13,45.06,45.285,44.74,45,457163
DATA,2017-01-17,44.25,45,44.02,45,568414
DATA,2017-01-18,44.5,44.58,44.07,44.31,634121
DATA,2017-01-19,44.83,44.99,44.16,44.69,765507
DATA,2017-01-20,44.9,45.01,44.45,44.95,596887
DATA,2017-01-23,44.71,44.89,44.13,44.41,540354
DATA,2017-01-24,46.45,46.67,45.265,46.39,1102491
DATA,2017-01-25,47.84,48.3499,47.09,47.35,1440600
DATA,2017-01-26,48.21,48.8,47.82,48.34,2075067
DATA,2017-01-27,48.14,48.5822,47.77,48.39,776360
DATA,2017-01-30,47.73,47.75,46.76,47.75,691409
DATA,2017-01-31,47.84,47.86,47.01,47.21,640633
DATA,2017-02-01,48.46,48.59,47.54,48.1,1778456
DATA,2017-02-02,48.21,49.39,47.82,48.08,2846582
DATA,2017-02-03,55.28,57.3,54.69,55.43,7011300
DATA,2017-02-06,54.12,56.07,54.01,55,3331263
DATA,2017-02-07,53.58,54.46,52.68,54,2950373
DATA,2017-02-08,53.94,54.81,53.68,53.68,1147925
DATA,2017-02-09,54,54.49,53.6,53.94,900923
DATA,2017-02-10,53.76,54.21,53.66,54.04,1046363
DATA,2017-02-13,53.81,54.36,53.5,54.03,1125238
DATA,2017-02-14,54.08,54.08,53.3,53.74,1021587
DATA,2017-02-15,55.01,55.2,53.86,53.95,2136472
DATA,2017-02-16,54.06,55.66,53.78,55.2,1773781
DATA,2017-02-17,54.62,54.68,53.3,53.6,758248
DATA,2017-02-21,55.12,55.16,54.15,54.32,1074364
DATA,2017-02-22,54.03,55.09,53.95,54.78,640376
DATA,2017-02-23,53.37,54.16,53.24,54.13,1053109
DATA,2017-02-24,53.26,53.33,52.27,52.78,1003537
DATA,2017-02-27,53.58,53.66,52.58,52.98,1033250
DATA,2017-02-28,52.74,53.33,52.22,52.74,738826
DATA,2017-03-01,53.28,53.42,52.07,53.25,997769
DATA,2017-03-02,51.99,53.38,51.98,53.05,879352
DATA,2017-03-03,52.14,52.21,51.58,51.85,718345
DATA,2017-03-06,51.02,51.76,50.73,51.44,1708483
DATA,2017-03-07,50.16,51.38,49.45,50.88,2296468
DATA,2017-03-08,49.84,50.84,49.75,50.41,864413
DATA,2017-03-09,49.45,50.11,49.17,49.63,1081106
DATA,2017-03-10,48.83,50.08,48.24,49.91,1103461
DATA,2017-03-13,48.94,49.07,48.43,48.83,1012577
DATA,2017-03-14,49.09,49.17,48.17,48.71,696654
DATA,2017-03-15,49.42,49.63,48.72,49.13,1704875
DATA,2017-03-16,49.46,49.87,49.41,49.69,442311
DATA,2017-03-17,49.1,49.85,48.97,49.82,818013
DATA,2017-03-20,49.02,49.27,48.86,49.19,615142
DATA,2017-03-21,47.6,49.16,47.49,49.16,1013619
DATA,2017-03-22,48.11,48.19,47.3,47.6,757855
DATA,2017-03-23,47.82,48.11,47.5,48.06,776088
DATA,2017-03-24,48.41,48.69,47.57,47.99,736526
DATA,2017-03-27,48.19,48.44,47.56,47.83,1033868
DATA,2017-03-28,48.25,48.52,48.01,48.11,1446575
DATA,2017-03-29,48.83,48.89,48.05,48.21,551498
DATA,2017-03-30,48.96,49.27,48.66,48.7,1299962
DATA,2017-03-31,49.55,50.52,49.2,49.38,1253154
DATA,2017-04-03,49.71,50.28,49.41,49.64,1220230
DATA,2017-04-04,49.99,50.48,49.55,49.55,861202
DATA,2017-04-05,49.86,50.77,49.8,50.22,815818
DATA,2017-04-06,50.83,50.86,49.24,49.78,1229086
DATA,2017-04-07,50.66,51,50.37,50.8,558562
DATA,2017-04-10,50.48,50.97,50.4,50.63,435048
DATA,2017-04-11,50.99,51,50.29,50.31,653966
DATA,2017-04-12,50.86,51.34,50.62,50.86,709019
DATA,2017-04-13,50.6,51.23,50.47,50.84,514347
DATA,2017-04-17,51.07,51.15,50.61,50.61,842270
DATA,2017-04-18,52.52,52.6,50.81,51.26,1145777
DATA,2017-04-19,53.27,53.41,52.58,52.72,713482
DATA,2017-04-20,53.98,54.03,52.84,53.63,852488
DATA,2017-04-21,54.09,55.36,53.75,54.42,1361829
DATA,2017-04-24,53.98,54.57,53,54.36,1349487
DATA,2017-04-25,53.63,54.42,53.62,54.37,708198
DATA,2017-04-26,53.65,53.95,53.03,53.62,566700
DATA,2017-04-27,53.48,54.13,53.35,53.8,714164
DATA,2017-04-28,53.68,53.88,53.22,53.43,585292
DATA,2017-05-01,54.11,54.24,53.5,53.75,817505
DATA,2017-05-02,54.78,54.85,53.65,54.16,1196589
DATA,2017-05-03,54.7,55.12,54.21,54.48,1670875
DATA,2017-05-04,58.05,63.34,57.65,61.89,5137500
DATA,2017-05-05,60.44,60.75,57.99,58.23,2071755
DATA,2017-05-08,60.05,60.55,59.44,59.53,2316793
DATA,2017-05-09,60.08,61.22,59.8,60.1,1939046
DATA,2017-05-10,60.48,60.75,59.42,59.92,675248
DATA,2017-05-11,60.31,61,60,60.45,1033352
DATA,2017-05-12,60.72,60.98,60.02,60.37,632543
DATA,2017-05-15,61.93,62.42,60.75,60.85,2525482
DATA,2017-05-16,61.98,62.79,61.35,61.93,1125489
DATA,2017-05-17,60.23,61.34,60.17,60.75,1117298
DATA,2017-05-18,59.69,60.91,59.61,59.88,918119
DATA,2017-05-19,60.34,60.89,59.47,60,1087178
DATA,2017-05-22,60.44,60.91,59.5,60.21,1247760
DATA,2017-05-23,60.22,60.65,59.8,60.44,538522
DATA,2017-05-24,61.96,62.04,60.85,60.97,2066635
DATA,2017-05-25,64.15,66.86,61.77,62,3394400
DATA,2017-05-26,63.56,64.89,63.05,63.86,1204099
DATA,2017-05-30,62.52,63.65,62,63.27,909501
DATA,2017-05-31,62.01,63,61.69,62.68,935389
DATA,2017-06-01,62.43,62.64,61.43,62.03,1267593
DATA,2017-06-02,62.68,63,62.02,62.37,621390
DATA,2017-06-05,62.35,63.34,62.31,62.5,672730
DATA,2017-06-06,61.97,62.97,61.8,61.96,820345
DATA,2017-06-07,61.92,62.76,61.25,62.05,596381
DATA,2017-06-08,63.19,63.27,61.6,62.09,685479
DATA,2017-06-09,60.3,64.58,58.89,63.41,1678970
DATA,2017-06-12,60.22,60.4,57.25,58.92,1773035
DATA,2017-06-13,62.15,63.68,61.04,62.66,1898998
DATA,2017-06-14,62.12,62.94,61.12,62.37,942781
DATA,2017-06-15,61.8,62.15,60.75,61.23,732924
DATA,2017-06-16,62.05,62.23,61.26,61.62,1139198
DATA,2017-06-19,63.78,64.11,62.49,62.61,1413557
DATA,2017-06-20,62.89,63.99,62.64,63.66,1149540
DATA,2017-06-21,64.94,65.49,63.4,63.4,1456909
DATA,2017-06-22,65.72,66.1,64.87,65.22,1096639
DATA,2017-06-23,66.5,66.52,65.51,65.73,1015560
DATA,2017-06-26,66.05,67.1,65.75,66.79,925922
DATA,2017-06-27,64.47,66.5,64.46,65.75,842275
DATA,2017-06-28,64.13,65.04,63.64,64.91,691877
DATA,2017-06-29,61.77,64.25,61.21,63.97,1220710
DATA,2017-06-30,61.27,62.42,61.08,61.78,1228550
DATA,2017-07-03,61.16,61.79,60.43,61.63,456941
DATA,2017-07-05,62.05,62.07,61.17,61.39,746849
DATA,2017-07-06,61.27,62.1,60.9298,61.5,767701
DATA,2017-07-07,62.54,62.56,61.33,61.48,624530
DATA,2017-07-10,62.27,63.05,62.04,62.77,581564
DATA,2017-07-11,62.92,63.11,61.81,62.28,597537
DATA,2017-07-12,64.47,64.77,63.13,63.47,691614
DATA,2017-07-13,63.63,64.81,63.315,64.55,512581
DATA,2017-07-14,62.89,63.63,62.19,63.63,674232
DATA,2017-07-17,64.03,64.58,63.65,64.58,541795
DATA,2017-07-18,63.76,64.09,63.39,63.8,341792
DATA,2017-07-19,64.46,64.53,63.8,64.08,474180
DATA,2017-07-20,64.43,64.96,64,64.64,323247
DATA,2017-07-21,63.77,64.27,63.59,64.27,382011
DATA,2017-07-24,64.45,64.49,63.41,63.76,444545
DATA,2017-07-25,64.93,65.43,63.99,64.44,573275
DATA,2017-07-26,64.98,65.44,64.68,65.1,555784
DATA,2017-07-27,64.87,66.09,63.72,65.5,695794
DATA,2017-07-28,64.85,65.1,63.95,64.49,644471
DATA,2017-07-31,64.45,65.43,63.84,65.16,574000
DATA,2017-08-01,65.47,65.67,64.44,64.54,715470
DATA,2017-08-02,64.02,65.67,63.46,65.6,2026207
DATA,2017-08-03,69.8,70,66.75,69.51,3939749
DATA,2017-08-04,71.31,71.53,69.52,69.95,1537155
DATA,2017-08-07,70.62,71.4,70.06,71.05,1561011
DATA,2017-08-08,69.94,70.67,69.53,70.14,973166
DATA,2017-08-09,69.86,70.3,68.54,69.11,1130319
DATA,2017-08-10,67.97,69.82,67.42,69.5,1132748
DATA,2017-08-11,68.67,68.96,67.39,67.68,712233
DATA,2017-08-14,70.36,70.43,69.07,69.45,851102
DATA,2017-08-15,70.3,70.55,69.36,70.34,598029
DATA,2017-08-16,70.82,71.48,70.13,70.43,896487
DATA,2017-08-17,69.32,70.66,69.26,70.35,650364
DATA,2017-08-18,69.74,69.81,68.78,69.04,485311
DATA,2017-08-21,70.27,70.6,69.48,69.58,630383
DATA,2017-08-22,71.64,71.85,70.27,70.39,616734
DATA,2017-08-23,71.53,72,71.03,71.12,439304
DATA,2017-08-24,72.03,72.15,71.35,71.66,467531
DATA,2017-08-25,71.81,73.37,71.69,72.23,589235
DATA,2017-08-28,71.68,72.14,71.19,72,491062
DATA,2017-08-29,71.52,71.91,70.52,70.72,332796
DATA,2017-08-30,72,72.24,71.31,71.5,615033
DATA,2017-08-31,72.48,72.6,71.81,71.92,532573
DATA,2017-09-01,72.66,73.12,72.2,72.63,652684
DATA,2017-09-05,71.98,72.49,71.02,72.22,795909
DATA,2017-09-06,72.12,72.7,71.1,72.1,714403
DATA,2017-09-07,72.24,72.98,72.13,72.35,1133593
DATA,2017-09-08,72.85,72.98,71.8,72.39,654913
DATA,2017-09-11,74.8,75.41,73.42,73.42,1301902
DATA,2017-09-12,75.63,75.75,74.24,74.94,638795
DATA,2017-09-13,75.41,76.27,75.33,75.63,879881
DATA,2017-09-14,75.23,75.89,74.73,75.28,601930
DATA,2017-09-15,75.02,75.07,74.27,74.85,707963
DATA,2017-09-18,75.97,76.18,75.21,75.21,609476
DATA,2017-09-19,75.57,76.3,75.06,76.13,472551
DATA,2017-09-20,75.25,75.53,74.64,75.43,474667
DATA,2017-09-21,75.43,75.67,74.54,75.5,338949
DATA,2017-09-22,75.58,75.89,74.92,75.32,346343
DATA,2017-09-25,73.89,75.87,73.27,75.58,559209
DATA,2017-09-26,73.83,74.7,73.18,74.22,415396
DATA,2017-09-27,75.65,75.94,73.91,74.35,471114
DATA,2017-09-28,74.57,75.78,74.43,75.49,474820
DATA,2017-09-29,74.89,75.06,74.01,74.6,579006
DATA,2017-10-02,75.39,75.61,74.46,75.13,400664
DATA,2017-10-03,75.98,76.5,75.14,75.45,489869
DATA,2017-10-04,76.12,76.27,75.22,76.05,397484
DATA,2017-10-05,76.9,77.3,76.03,76.41,695876
DATA,2017-10-06,77.38,77.47,76.22,76.61,458951
DATA,2017-10-09,77.65,77.77,77.15,77.44,428723
DATA,2017-10-10,76.23,78.14,75.98,77.84,618443
DATA,2017-10-11,76.94,77.08,75.81,76.54,634555
DATA,2017-10-12,77.22,77.9,76.9,76.92,440228
DATA,2017-10-13,77.67,78.11,77.46,77.8,425443
DATA,2017-10-16,78.33,78.41,77.57,78,426004
DATA,2017-10-17,79.02,79.04,78.36,78.41,367233
DATA,2017-10-18,78.67,79.73,78.6,79.5,325730
DATA,2017-10-19,78.62,78.85,77.91,78.39,473640
DATA,2017-10-20,78.78,79.82,78.63,78.7,581909
DATA,2017-10-23,79.15,79.75,78.85,79.68,663328
DATA,2017-10-24,78.86,79.45,78.68,79.29,321210
DATA,2017-10-25,78.3,79.13,77.68,78.77,337972
DATA,2017-10-26,79.38,79.65,77.65,78.52,730409
DATA,2017-10-27,79.34,80.75,78.68,79.83,660364
DATA,2017-10-30,79.53,80.14,79,79,703246
DATA,2017-10-31,81.09,81.42,79.71,80.11,990649
DATA,2017-11-01,80.76,81.74,79.27,81.55,1356269
DATA,2017-11-02,82.17,82.32,79.69,80.26,1373600
DATA,2017-11-03,74.6,75.38,71.5,72.38,6713811
DATA,2017-11-06,71.4,74.66,71.12,74.58,2618071
DATA,2017-11-07,70.27,71.93,69.81,71.53,2231282
DATA,2017-11-08,71.25,71.39,69.75,70.1,1538013
DATA,2017-11-09,71.64,71.71,69.84,71.2,772314
DATA,2017-11-10,72.15,72.37,71.08,71.38,674762
DATA,2017-11-13,71.24,71.7,70.54,71.61,729801
DATA,2017-11-14,71.18,71.75,70.9,71.12,350665
DATA,2017-11-15,70.35,72.95,70.07,70.89,552612
DATA,2017-11-16,70.31,71.58,69.69,70.97,983270
DATA,2017-11-17,70.19,70.96,69.61,70.35,858273
DATA,2017-11-20,70.1,70.73,69.91,70.14,809794
DATA,2017-11-21,69.68,70.83,69.55,70.19,868227
DATA,2017-11-22,69.43,69.69,68.6,69.68,952857
DATA,2017-11-24,70.07,70.32,69.13,69.38,204257
DATA,2017-11-27,70.39,70.76,69.96,69.98,575869
DATA,2017-11-28,70.94,71.48,70.76,70.84,707357
DATA,2017-11-29,68.96,70.92,68.37,70.92,927035
DATA,2017-11-30,70.3,70.56,68.87,69.2,670381
DATA,2017-12-01,70.32,70.65,69.4,69.87,719150
DATA,2017-12-04,68.77,70.68,68.6905,70.3,856663
DATA,2017-12-05,69.87,70.98,68.45,68.45,899828
DATA,2017-12-06,70.76,70.9092,69.155,69.48,459374
DATA,2017-12-07,71.61,71.96,70.32,70.47,620344
DATA,2017-12-08,71.59,72.61,71.5,72.28,455684
DATA,2017-12-11,71.19,72.07,70.94,71.79,559012
DATA,2017-12-12,70.67,71.6,70.42,71.16,511978
DATA,2017-12-13,70.1,71.41,69.95,70.83,586739
DATA,2017-12-14,69.39,70.57,69.31,70.33,672458
DATA,2017-12-15,70.63,71.01,69.21,69.35,853956
DATA,2017-12-18,71.06,71.84,70.8,71.7,589034
DATA,2017-12-19,70.68,71.42,70.37,70.82,626111
DATA,2017-12-20,70.06,70.94,69.8,70.28,405341
DATA,2017-12-21,70.75,70.9,70.26,70.44,444668
DATA,2017-12-22,70.19,70.62,69.83,70.18,291935
DATA,2017-12-26,70.71,70.92,69.785,70.12,232350
DATA,2017-12-27,70.57,71.25,70.2,70.7,326312
DATA,2017-12-28,70.36,70.836,70.12,70.59,359337
DATA,2017-12-29,69.2,70.41,69,70.24,515194
DATA,2018-01-02,70.21,70.84,69.79,69.85,494921
DATA,2018-01-03,71.61,71.7,70.25,70.45,640113
DATA,2018-01-04,70.28,71.33,69.75,70.44,1210549
DATA,2018-01-05,70.28,70.93,70.15,70.7,537578
DATA,2018-01-08,70.63,70.93,69.8,70,524807
DATA,2018-01-09,70.8,71.21,69.95,70.74,433280
DATA,2018-01-10,72.69,72.84,70.15,70.39,640915
DATA,2018-01-11,73.7,74.58,73,73,1022912
DATA,2018-01-12,74.52,75.17,73.27,73.8,735917
DATA,2018-01-16,73.2,75.67,72.47,75.19,699436
DATA,2018-01-17,74.07,74.26,72.43,73.2,598786
DATA,2018-01-18,73.04,74.1541,72.74,73.94,529061
DATA,2018-01-19,73.95,74.13,72.98,73.14,519060
DATA,2018-01-22,74.42,74.66,73.43,73.97,682080
DATA,2018-01-23,73.57,74.32,72.71,74.11,719140
DATA,2018-01-24,73.31,73.85,72.82,73.65,945860
DATA,2018-01-25,74.95,76.065,73.5,73.61,966723
DATA,2018-01-26,76.82,77.1,75.29,75.66,742832
DATA,2018-01-29,77.15,77.74,76.56,76.82,850617
DATA,2018-01-30,76.06,77.25,75.58,76.02,589406
DATA,2018-01-31,76.81,77.47,75.88,76.72,829966
DATA,2018-02-01,77.09,78.1,76.44,76.74,1132875
DATA,2018-02-02,84.01,87,81.1205,86.11,5874729
DATA,2018-02-05,80.12,84.92,80.074,82.94,1948009
DATA,2018-02-06,79.3,80,76.2797,78.39,3303121
DATA,2018-02-07,77.83,80,77.53,79.2,1656968
DATA,2018-02-08,76.15,79.09,76.05,78.3,1345480
DATA,2018-02-09,77.35,77.97,73.38,76.59,1140152
DATA,2018-02-12,78.98,79.77,77.5,77.72,975086
DATA,2018-02-13,79.8,80.55,78.3928,78.76,829530
DATA,2018-02-14,81.79,82,79.06,79.53,847257
DATA,2018-02-15,83.32,83.78,80.89,82.73,775312
DATA,2018-02-16,82.15,84.625,81.2,83.32,1276900
DATA,2018-02-20,82.66,83.57,80.98,81.03,1039452
DATA,2018-02-21,82.16,84.124,82.12,82.59,644324
DATA,2018-02-22,81.94,83.1,81.64,82.42,490894
DATA,2018-02-23,83.28,83.29,82.03,82.3,297676
DATA,2018-02-26,83.45,84.33,82.8,83.39,651625
DATA,2018-02-27,81.76,83.95,81.76,83.45,601005
DATA,2018-02-28,81.67,83.12,81.35,82.25,532254
DATA,2018-03-01,81.48,82.7,80.62,81.96,628970
DATA,2018-03-02,83.02,83.09,80.01,80.7,674813
DATA,2018-03-05,85.8,86.11,81.85,82.54,1392233
DATA,2018-03-06,84.36,86.66,83.7,86,874520
DATA,2018-03-07,84.41,84.98,83.6,83.88,765122
DATA,2018-03-08,85.73,86.32,84.54,84.54,509164
DATA,2018-03-09,86.64,87.6,86.04,86.26,641049
DATA,2018-03-12,86.41,87.385,86.32,86.73,1183292
DATA,2018-03-13,84.22,87.11,83.97,86.72,719485
DATA,2018-03-14,84.67,85.33,83.96,84.59,649459
DATA,2018-03-15,84.54,85.14,83.515,84.91,561453
DATA,2018-03-16,83.33,84.95,83.02,84.61,526642
DATA,2018-03-19,82.56,83.09,81.14,82.79,926005
DATA,2018-03-20,83.59,83.83,82.41,82.49,476768
DATA,2018-03-21,84.1,85.1,83.26,83.57,586271
DATA,2018-03-22,82.8,84.39,82.52,83.13,379540
DATA,2018-03-23,81.41,83.5,81.4,82.54,670948
DATA,2018-03-26,84.24,84.27,82.23,82.66,339839
DATA,2018-03-27,81.5,84.94,81.19,84.46,533751
DATA,2018-03-28,79.2,81.575,79.03,81.49,749214
DATA,2018-03-29,80.82,81.62,78.3218,79.37,682277
DATA,2018-04-02,78.54,80.7,78,80.51,606250
DATA,2018-04-03,79.48,79.88,78.28,79.23,536342
DATA,2018-04-04,79.9,80.07,77.72,78.01,788594
DATA,2018-04-05,80.37,81.57,80.15,80.72,490521
DATA,2018-04-06,78.39,80.585,78.18,79.74,698947
DATA,2018-04-09,77.82,79.64,77.76,78.64,763910
DATA,2018-04-10,78.86,79.32,77.3201,78.97,692849
DATA,2018-04-11,79.64,80.685,78.04,78.26,578044
DATA,2018-04-12,81.16,81.56,80.09,80.33,448006
DATA,2018-04-13,79.92,81.66,79.43,81.66,545200
DATA,2018-04-16,81.18,82.16,79.85,80.4,538643
DATA,2018-04-17,84.46,85.13,81.62,81.71,1314558
DATA,2018-04-18,85.11,86.04,83.72,84.28,1038991
DATA,2018-04-19,84.39,84.97,83.73,84.57,727724
DATA,2018-04-20,83.82,84.91,83.65,84.02,694516
DATA,2018-04-23,84.87,85.49,83.97,83.97,869897
DATA,2018-04-24,81.98,85.81,81.72,85.2,925182
DATA,2018-04-25,81.41,81.84,79.12,81.64,907849
DATA,2018-04-26,83.61,84.72,81.87,81.87,715901
DATA,2018-04-27,84.09,84.26,82.77,83.68,807719
DATA,2018-04-30,85.05,85.67,84.155,84.16,1120528
DATA,2018-05-01,84.78,85.61,84.25,84.79,1181399
DATA,2018-05-02,85.18,85.53,83.91,84.72,1554361
DATA,2018-05-03,90.79,97.09,89.37,95,3356667
DATA,2018-05-04,91,91.855,89.98,90.49,1544161
DATA,2018-05-07,90.99,91.63,90.285,90.5,1696166
DATA,2018-05-08,93.1,93.71,90.31,90.63,996722
DATA,2018-05-09,95.21,95.47,92.81,93.28,1060090
DATA,2018-05-10,94.99,95.78,93.18,93.24,721746
DATA,2018-05-11,95,95.76,94.32,95.01,633152
DATA,2018-05-14,92.08,94.97,91.94,94.87,732427
DATA,2018-05-15,92.49,93.22,91.1,91.65,544939
DATA,2018-05-16,92.76,94,91.92,92.58,969595
DATA,2018-05-17,93.49,94.84,92.08,92.08,998210
DATA,2018-05-18,94.43,95.47,93.54,93.56,622255
DATA,2018-05-21,93.79,95.58,93.62,95,647605
DATA,2018-05-22,94.27,95.19,93.85,94.78,563333
DATA,2018-05-23,95.82,95.86,93.32,93.32,691016
DATA,2018-05-24,97.38,98.23,95.64,95.98,1123602
DATA,2018-05-25,98.56,99.62,97.96,98.03,1125657
DATA,2018-05-29,98,98.93,97.6,98.08,1133972
DATA,2018-05-30,99.36,99.64,98.31,98.72,814355
DATA,2018-05-31,98.87,99.795,98.66,99.32,738680
DATA,2018-06-01,98.53,99.75,98.12,98.9,1023162
DATA,2018-06-04,99.62,99.79,98.41,99,959270
DATA,2018-06-05,100.66,101.43,99.66,99.66,793791
DATA,2018-06-06,100.65,101.59,100.04,100.7,601008
DATA,2018-06-07,98.07,100.71,97.01,100.67,1249339
DATA,2018-06-08,98.75,99.16,97.23,97.52,428964
DATA,2018-06-11,99.88,100.3,98.08,98.97,596591
DATA,2018-06-12,101.17,101.49,99.67,100.22,930005
DATA,2018-06-13,101.3,102.575,100.0961,102.07,745526
DATA,2018-06-14,102.04,103.39,101.85,101.88,771453
DATA,2018-06-15,103.13,103.56,101.33,102,659679
DATA,2018-06-18,104.48,104.76,101.55,102.64,624537
DATA,2018-06-19,104.29,104.49,101.29,103.25,661747
DATA,2018-06-20,104.13,105.78,103.9,104.32,636307
DATA,2018-06-21,100.89,104.69,100.59,104.24,659276
DATA,2018-06-22,97.18,100.58,96.63,100,1317477
DATA,2018-06-25,93.67,96.59,92.01,96,1369130
DATA,2018-06-26,96.35,96.95,93.69,93.72,926224
DATA,2018-06-27,93.65,97.83,93.61,96.95,463875
DATA,2018-06-28,97.34,97.65,93.7147,93.75,919936
DATA,2018-06-29,97.75,98.67,97.09,97.73,463534
DATA,2018-07-02,99.87,99.92,96.53,97.21,477251
DATA,2018-07-03,99.94,101.52,99.737,100.6,279642
DATA,2018-07-05,101.07,101.18,99.8,100.9,475003
DATA,2018-07-06,102.68,102.86,101.1,101.1,422768
DATA,2018-07-09,103.82,104.79,102.09,103.26,434052
DATA,2018-07-10,103.89,104.95,103.7,104.2,367559
DATA,2018-07-11,106.29,106.72,104.3,105.29,574660
DATA,2018-07-12,108.89,109.28,106.32,106.32,773125
DATA,2018-07-13,108.77,109.39,107.51,108.88,486969
DATA,2018-07-16,108.57,109.33,108.25,109.33,363211
DATA,2018-07-17,110.23,110.61,107.3,108.05,506976
DATA,2018-07-18,111.13,111.5999,109.66,110.32,524934
DATA,2018-07-19,110.46,111.2,110.29,110.95,485118
DATA,2018-07-20,110.6,111.71,110.32,110.56,438765
DATA,2018-07-23,111.72,111.94,109.5,110.99,444241
DATA,2018-07-24,108.32,112.42,107.57,112.03,560080
DATA,2018-07-25,110.79,111.27,108.675,108.72,579269
DATA,2018-07-26,111.02,111.47,109.31,109.84,421093
DATA,2018-07-27,107.64,111.86,105.75,111.38,601059
DATA,2018-07-30,102.17,107.4476,101.64,107.3,956368
DATA,2018-07-31,103.07,104.5403,100.8,102.47,898639
DATA,2018-08-01,106.14,106.9843,105.12,106.41,918362
DATA,2018-08-02,110.16,110.63,105.56,105.6,1431255
DATA,2018-08-03,102.84,109.1738,99.31,107.44,3449925
DATA,2018-08-06,103.94,104.87,102.64,102.64,904310
DATA,2018-08-07,103.28,104.67,102.8822,103.66,1189918
DATA,2018-08-08,101.45,103.24,101.34,103.24,885580
DATA,2018-08-09,103.67,104.45,100.76,101,746512
DATA,2018-08-10,103.7,104.35,102.5,102.75,488464
DATA,2018-08-13,101.95,104.1,101.62,103.5,565125
DATA,2018-08-14,103.19,103.46,101.3,102.44,515383
DATA,2018-08-15,102.62,104.445,101.44,102.51,671559
DATA,2018-08-16,101.26,104.07,101.08,103.32,715114
DATA,2018-08-17,98.54,100.8,98.2,100.8,1154693
DATA,2018-08-20,100.12,100.52,97.18,98.34,897175
DATA,2018-08-21,102.51,102.62,99.5,100,837831
DATA,2018-08-22,102.58,103.27,101.82,102.63,453292
DATA,2018-08-23,103.19,104.36,102.41,102.49,548119
DATA,2018-08-24,107.98,108.6701,103.49,103.64,1017435
DATA,2018-08-27,106.48,108.89,105.61,108.34,989088
DATA,2018-08-28,107.75,108.2,106.51,106.65,746637
DATA,2018-08-29,111.31,111.59,107.39,107.39,1142390
DATA,2018-08-30,110.99,112.27,110.17,110.68,574134
DATA,2018-08-31,111.86,112.18,110.04,111.09,458147
DATA,2018-09-04,114.05,114.44,111.18,111.43,748225
DATA,2018-09-05,111.67,114.82,108.5102,114.09,764887
DATA,2018-09-06,113.04,113.65,109.9785,111.67,1078595
DATA,2018-09-07,113.9,115.465,109.86,112.1,934109
DATA,2018-09-10,112.51,115.542,111.81,115.22,1093845
DATA,2018-09-11,115.03,115.33,112.4,112.48,683888
DATA,2018-09-12,115.09,115.64,113,114.61,583357
DATA,2018-09-13,116.16,118.0785,115.4,116.1,704384
DATA,2018-09-14,115.55,117.24,114.92,116.1,697034
DATA,2018-09-17,110.86,116.03,110.5,115.05,815671
DATA,2018-09-18,113.74,114.45,111.99,111.99,717361
DATA,2018-09-19,111.16,113.88,109.57,113.58,680863
DATA,2018-09-20,111.73,113.54,110.22,111.2,620185
DATA,2018-09-21,110.18,112.82,109.81,112.06,844728
DATA,2018-09-24,110.96,111.51,107.9,109.49,717992
DATA,2018-09-25,113.66,114,111.22,111.24,451022
DATA,2018-09-26,114.26,115.75,112.18,113.7,600935
DATA,2018-09-27,113.33,115.45,113.26,114.86,559619
DATA,2018-09-28,111.74,114,111.2,113.14,830737
DATA,2018-10-01,111.31,113.585,111.05,112.86,807149
DATA,2018-10-02,106.99,111.67,106.43,111.67,752198
DATA,2018-10-03,107.53,108.83,106.455,107.62,730510
DATA,2018-10-04,105.94,107.5,103.96,107.41,695219
DATA,2018-10-05,105.7,107.73,102.7425,105.69,1025587
DATA,2018-10-08,100.67,104.855,98.48,104.44,1307771
DATA,2018-10-09,101.36,102.97,99.24,100.56,765124
DATA,2018-10-10,96.39,100.93,96.15,100.39,1606188
DATA,2018-10-11,97.15,98.72,94.81,95.58,1545095
DATA,2018-10-12,100.92,102.27,99.065,100.26,793290
DATA,2018-10-15,101.78,102.77,98.42,100.79,1119794
DATA,2018-10-16,104.94,105.63,102.64,102.95,675874
DATA,2018-10-17,104.48,105.68,103.23,105,451280
DATA,2018-10-18,101.96,104.98,100.99,104.05,541721
DATA,2018-10-19,99.64,103.435,99.64,102.64,599618
DATA,2018-10-22,100.74,101.5,98.1,100.12,955884
DATA,2018-10-23,101.45,101.82,97.665,98.53,498013
DATA,2018-10-24,96.9,103,96.74,101.66,685395
DATA,2018-10-25,99.69,100.02,96.9,97.16,854995
DATA,2018-10-26,96.77,98.95,94.835,96.69,855808
DATA,2018-10-29,96.56,101.43,95.21,99.35,1357106
DATA,2018-10-30,101.36,101.49,95.54,96.06,1125508
DATA,2018-10-31,106.68,107.63,102.385,103.38,904264
DATA,2018-11-01,108.89,109.21,105.08,107.32,750378
DATA,2018-11-02,106.83,110.49,106.75,109.76,903655
DATA,2018-11-05,106.6,107.46,104.22,107.15,934430
DATA,2018-11-06,105.03,107.72,102.85,105.94,1728841
DATA,2018-11-07,121.16,124.86,112.54,113.66,3729300
DATA,2018-11-08,119.66,125.5,119.0104,121.99,1899447
DATA,2018-11-09,114.11,118.08,111.63,118.08,3137108
DATA,2018-11-12,110.9,113,107.92,113,1809984
DATA,2018-11-13,112.53,114.13,109.42,110.71,965432
DATA,2018-11-14,112.46,116.34,111.76,114.55,554705
DATA,2018-11-15,117.75,118.42,112.24,112.33,716028
DATA,2018-11-16,116.04,119.57,114.37,116.44,852204
DATA,2018-11-19,104.12,115.49,103.15,114.66,1759454
DATA,2018-11-20,104.88,106.95,99.53,100.32,1134017
DATA,2018-11-21,107.61,109.49,106.28,107.19,804297
DATA,2018-11-23,108.6,109.2,105.93,106.14,217661
DATA,2018-11-26,112.53,113.21,108.8596,111.32,735014
DATA,2018-11-27,112.46,113.56,110.65,111.62,1013497
DATA,2018-11-28,118.81,119.1,115,115.01,991832
DATA,2018-11-29,122.28,124.28,117.66,117.77,1384763
DATA,2018-11-30,124.64,125.5,122.2817,122.5,1194685
DATA,2018-12-03,127.43,127.7,124.24,127.24,1902142
DATA,2018-12-04,123.69,129.28,123.48,126.27,1519714
DATA,2018-12-06,127.97,128.2,119.38,120.28,1164355
DATA,2018-12-07,123.43,128.63,121.82,127.11,800220
DATA,2018-12-10,127.13,128.3,122.85,122.85,742794
DATA,2018-12-11,127.41,130.13,126.29,129.4,984992
DATA,2018-12-12,128.83,131.82,128.79,129.5,843378
DATA,2018-12-13,130.84,131.24,128.4,129.97,717952
DATA,2018-12-14,128.88,131.05,127.68,129.81,651455
DATA,2018-12-17,120.06,127.88,119.245,127.53,1220724
DATA,2018-12-18,121.59,123.56,120.36,121.39,772122
DATA,2018-12-19,121.95,126.32,119.75,122.3,1386278
DATA,2018-12-20,119.29,122.8,113.74,120.75,1737959
DATA,2018-12-21,112.28,120.02,111.32,119.87,1377090
DATA,2018-12-24,110.26,113.9863,110.0005,110.56,480481
DATA,2018-12-26,118.8,118.9164,110.89,110.89,841658
DATA,2018-12-27,119.9,119.91,115.18,116.57,656036
DATA,2018-12-28,118.26,121.53,116.775,120.53,758139
DATA,2018-12-31,120,120.7,118.531,119.7,674795
DATA,2019-01-02,118.6,118.72,114.81,117.85,760630
DATA,2019-01-03,115.72,118.95,115.01,116.54,1016910
DATA,2019-01-04,124.83,125.32,116.8,117.78,1499671
DATA,2019-01-07,123.97,128.17,123.6,125.33,1659524
DATA,2019-01-08,123.99,126.99,121.9,125.86,1277782
DATA,2019-01-09,122.91,125.39,122.64,124.71,1448562
DATA,2019-01-10,121.7,123.74,120.8,121.63,1483222
DATA,2019-01-11,119.61,121.08,118.67,121,1099118
DATA,2019-01-14,117.51,119.42,117.5,118.16,803015
DATA,2019-01-15,122.31,122.67,118.07,118.39,838386
DATA,2019-01-16,117.88,124.1014,116.73,123.85,1239734
DATA,2019-01-17,121.28,123,118.01,118.3,889934
DATA,2019-01-18,123.68,124.63,121.4,122.75,1257971
